{
    "form": [{
            "id": 1,
            "text": "Name of principal reporting corporation",
            "box": [83, 271, 404, 296],
            "linking": [
                [1, 2]
            ],
            "label": "question",
            "words": [{
                "text": "Name",
                "box": [87, 275, 137, 292]
            }, {
                "text": "of",
                "box": [141, 273, 158, 291]
            }, {
                "text": "principal",
                "box": [161, 274, 229, 292]
            }, {
                "text": "reporting",
                "box": [233, 273, 304, 294]
            }, {
                "text": "corporation",
                "box": [308, 275, 395, 291]
            }]
        }, {
            "id": 2,
            "text": "PRD Petfoods Ltd. & Fooddiaris",
            "box": [116, 299, 675, 331],
            "label": "answer",
            "words": [{
                    "text": "PRD",
                    "box": [120, 302, 181, 327]
                }, {
                    "text": "Petfoods",
                    "box": [188, 304, 341, 328]
                }, {
                    "text": "Ltd.",
                    "box": [348, 304, 430, 328]
                }, {
                    "text": "&",
                    "box": [441, 306, 471, 327]
                }, {
                    "text": "Fooddiaris",
                    "box": [480, 305, 664, 327]
                }

            ],
            "linking": [
                [1, 2]
            ]
        }, {
            "id": 13,
            "text": "Federal Indentification number",
            "box": [761, 271, 1003, 297],
            "linking": [
                [13, 14]
            ],
            "label": "question",
            "words": [{
                "text": "Federal",
                "box": [767, 274, 834, 292]
            }, {
                "text": "Indentification",
                "box": [837, 274, 934, 293]
            }, {
                "text": "number",
                "box": [938, 275, 998, 291]
            }]
        }, {
            "id": 14,
            "text": "995999694",
            "box": [801, 301, 976, 327],
            "label": "answer",
            "words": [{
                "text": "995999694",
                "box": [801, 301, 976, 327]
            }],
            "linking": [
                [13, 14]
            ]
        }, {
            "id": 18,
            "text": "Principal address",
            "box": [82, 333, 227, 357],
            "linking": [
                [18, 19]
            ],
            "label": "question",
            "words": [{
                "text": "Principal",
                "box": [86, 335, 155, 353]
            }, {
                "text": "address",
                "box": [157, 334, 221, 350]
            }]
        },
        {
            "id": 19,
            "text": "99 Food Plant",
            "box": [88, 360, 339, 389],
            "label": "answer",
            "words": [{
                "text": "99",
                "box": [90, 363, 128, 387]
            }, {
                "text": "Food",
                "box": [140, 364, 220, 387]
            }, {
                "text": "Plant",
                "box": [227, 364, 326, 387]
            }],
            "linking": [
                [18, 19]
            ]
        }, {
            "id": 25,
            "text": "City/Town",
            "box": [762, 329, 857, 354],
            "linking": [
                [25, 26]
            ],
            "label": "question",
            "words": [{
                "text": "City/Town",
                "box": [762, 329, 857, 354]
            }]
        }, {
            "id": 26,
            "text": "XXX Mart",
            "box": [763, 359, 933, 388],
            "label": "answer",
            "words": [{
                "text": "XXX",
                "box": [769, 363, 829, 387]
            }, {
                "text": "Mart",
                "box": [839, 363, 918, 387]
            }],
            "linking": [
                [25, 26]
            ]
        }, {
            "id": 29,
            "text": "State",
            "box": [1057, 331, 1106, 355],
            "linking": [
                [29, 30]
            ],
            "label": "question",
            "words": [{
                "text": "State",
                "box": [1057, 331, 1106, 355]
            }]
        }, {
            "id": 30,
            "text": "AZ",
            "box": [1052, 361, 1108, 388],
            "label": "answer",
            "words": [{
                "text": "AZ",
                "box": [1052, 361, 1108, 388]
            }],
            "linking": [
                [29, 30]
            ]
        }, {
            "id": 31,
            "text": "Zip",
            "box": [1189, 331, 1230, 356],
            "linking": [
                [31, 32]
            ],
            "label": "question",
            "words": [{
                "text": "Zip",
                "box": [1189, 331, 1230, 356]
            }]
        }, {
            "id": 32,
            "text": "99999",
            "box": [1197, 361, 1304, 388],
            "label": "answer",
            "words": [{
                "text": "99999",
                "box": [1197, 361, 1304, 388]
            }],
            "linking": [
                [31, 32]
            ]
        }, {
            "id": 33,
            "text": "Contact person",
            "box": [84, 392, 213, 416],
            "linking": [
                [33, 34]
            ],
            "label": "question",
            "words": [{
                "text": "Contact",
                "box": [88, 393, 148, 413]
            }, {
                "text": "person",
                "box": [152, 394, 204, 413]
            }]
        }, {
            "id": 34,
            "text": "TAR PATELLA",
            "box": [84, 420, 299, 450],
            "label": "answer",
            "words": [{
                "text": "TAR",
                "box": [89, 423, 151, 447]
            }, {
                "text": "PATELLA",
                "box": [159, 423, 290, 448]
            }],
            "linking": [
                [33, 34]
            ]
        }, {
            "id": 39,
            "text": "Telephone number",
            "box": [758, 392, 937, 417],
            "linking": [
                [39, 40]
            ],
            "label": "question",
            "words": [{
                "text": "Telephone",
                "box": [769, 394, 854, 413]
            }, {
                "text": "number",
                "box": [858, 396, 923, 414]
            }]
        }, {
            "id": 40,
            "text": "999-999-9999",
            "box": [772, 420, 1020, 450],
            "label": "answer",
            "words": [{
                "text": "999-999-9999",
                "box": [772, 420, 1020, 450]
            }],
            "linking": [
                [39, 40]
            ]
        }, {
            "id": 43,
            "text": "Total income and non-income tax due of all members",
            "box": [138, 516, 610, 544],
            "linking": [
                [43, 44]
            ],
            "label": "question",
            "words": [{
                    "text": "Total",
                    "box": [141, 518, 188, 541]
                }, {
                    "text": "income",
                    "box": [192, 518, 259, 541]
                }, {
                    "text": "and",
                    "box": [264, 518, 297, 541]
                }, {
                    "text": "non-income",
                    "box": [302, 521, 410, 540]
                }, {
                    "text": "tax",
                    "box": [413, 520, 441, 539]
                }, {
                    "text": "due",
                    "box": [444, 520, 476, 540]
                }, {
                    "text": "of",
                    "box": [479, 520, 498, 540]
                }, {
                    "text": "all",
                    "box": [502, 519, 522, 541]
                }, {
                    "text": "members",
                    "box": [526, 519, 607, 541]
                }

            ]
        }, {
            "id": 44,
            "text": "995,691.",
            "box": [1276, 514, 1434, 538],
            "label": "answer",
            "words": [{
                "text": "995,691.",
                "box": [1276, 514, 1434, 538]
            }],
            "linking": [
                [43, 44]
            ]
        }, {
            "id": 54,
            "text": "Overpayment credited from prior period",
            "box": [138, 546, 495, 572],
            "linking": [
                [54, 55]
            ],
            "label": "question",
            "words": [{
                "text": "Overpayment",
                "box": [143, 550, 263, 571]
            }, {
                "text": "credited",
                "box": [268, 549, 341, 570]
            }, {
                "text": "from",
                "box": [345, 549, 386, 569]
            }, {
                "text": "prior",
                "box": [391, 549, 433, 571]
            }, {
                "text": "period",
                "box": [436, 551, 493, 571]
            }]
        }, {
            "id": 55,
            "text": "216,969.",
            "box": [1277, 543, 1434, 570],
            "label": "answer",
            "words": [{
                "text": "216,969.",
                "box": [1277, 543, 1434, 570]
            }],
            "linking": [
                [54, 55]
            ]
        }, {
            "id": 61,
            "text": "First installment estimated tax payments",
            "box": [139, 575, 502, 604],
            "linking": [
                [61, 62]
            ],
            "label": "question",
            "words": [{
                "text": "First",
                "box": [142, 578, 184, 598]
            }, {
                "text": "installment",
                "box": [189, 580, 289, 598]
            }, {
                "text": "estimated",
                "box": [291, 578, 381, 600]
            }, {
                "text": "tax",
                "box": [385, 579, 411, 601]
            }, {
                "text": "payments",
                "box": [413, 579, 499, 602]
            }]
        }, {
            "id": 62,
            "text": "155,000.",
            "box": [1276, 573, 1434, 599],
            "label": "answer",
            "words": [{
                "text": "155,000.",
                "box": [1276, 573, 1434, 599]
            }],
            "linking": [
                [61, 62]
            ]
        }, {
            "id": 68,
            "text": "Second installment estimated tax payments",
            "box": [139, 606, 531, 634],
            "linking": [
                [68, 69]
            ],
            "label": "question",
            "words": [{
                "text": "Second",
                "box": [142, 609, 210, 630]
            }, {
                "text": "installment",
                "box": [215, 609, 315, 628]
            }, {
                "text": "estimated",
                "box": [319, 609, 409, 630]
            }, {
                "text": "tax",
                "box": [412, 611, 439, 629]
            }, {
                "text": "payments",
                "box": [443, 609, 527, 631]
            }]
        }, {
            "id": 69,
            "text": "85,000.",
            "box": [1276, 603, 1435, 628],
            "label": "answer",
            "words": [{
                "text": "85,000.",
                "box": [1276, 603, 1435, 628]
            }],
            "linking": [
                [68, 69]
            ]
        }, {
            "id": 75,
            "text": "Third installment estimated tax payments",
            "box": [141, 637, 510, 664],
            "linking": [
                [75, 76]
            ],
            "label": "question",
            "words": [{
                "text": "Third",
                "box": [142, 640, 191, 660]
            }, {
                "text": "installment",
                "box": [194, 641, 294, 660]
            }, {
                "text": "estimated",
                "box": [298, 640, 387, 660]
            }, {
                "text": "tax",
                "box": [391, 640, 418, 660]
            }, {
                "text": "payments",
                "box": [422, 641, 505, 660]
            }]
        }, {
            "id": 76,
            "text": "150,999.",
            "box": [1278, 633, 1433, 659],
            "label": "answer",
            "words": [{
                "text": "150,999.",
                "box": [1278, 633, 1433, 659]
            }],
            "linking": [
                [75, 76]
            ]
        }, {
            "id": 82,
            "text": "2020 tax (from Form 355U, line 27)",
            "box": [136, 782, 462, 814],
            "linking": [
                [82, 83]
            ],
            "label": "question",
            "words": [{
                "text": "2020",
                "box": [140, 787, 190, 810]
            }, {
                "text": "tax",
                "box": [194, 788, 221, 811]
            }, {
                "text": "(from",
                "box": [226, 788, 277, 810]
            }, {
                "text": "Form",
                "box": [281, 788, 328, 810]
            }, {
                "text": "355U,",
                "box": [333, 787, 388, 810]
            }, {
                "text": "line",
                "box": [392, 788, 423, 809]
            }, {
                "text": "27)",
                "box": [428, 786, 457, 811]
            }]
        }, {
            "id": 83,
            "text": "505,691.",
            "box": [1279, 783, 1433, 809],
            "label": "answer",
            "words": [{
                "text": "505,691.",
                "box": [1279, 783, 1433, 809]
            }],
            "linking": [
                [82, 83]
            ]
        }, {
            "id": 91,
            "text": "Tentative required annual payment. Enter 90% of line 1",
            "box": [136, 817, 629, 844],
            "linking": [
                [91, 92]
            ],
            "label": "question",
            "words": [{
                "text": "Tentative",
                "box": [142, 820, 226, 839]
            }, {
                "text": "required",
                "box": [229, 820, 306, 841]
            }, {
                "text": "annual",
                "box": [311, 820, 372, 839]
            }, {
                "text": "payment.",
                "box": [376, 820, 456, 842]
            }, {
                "text": "Enter",
                "box": [460, 820, 507, 841]
            }, {
                "text": "90%",
                "box": [510, 820, 552, 840]
            }, {
                "text": "of",
                "box": [554, 819, 572, 841]
            }, {
                "text": "line",
                "box": [576, 819, 607, 840]
            }, {
                "text": "1",
                "box": [612, 820, 625, 840]
            }]
        }, {
            "id": 92,
            "text": "455,122.",
            "box": [1279, 813, 1434, 839],
            "label": "answer",
            "words": [{
                "text": "455,122.",
                "box": [1279, 813, 1434, 839]
            }],
            "linking": [
                [91, 92]
            ]
        }, {
            "id": 102,
            "text": "Balance. Subtract the total of lines 3 and 4 from line 2. Not less than \"0\"",
            "box": [135, 906, 774, 932],
            "linking": [
                [102, 103]
            ],
            "label": "question",
            "words": [{
                "text": "Balance.",
                "box": [139, 910, 222, 929]
            }, {
                "text": "Subtract",
                "box": [226, 908, 303, 928]
            }, {
                "text": "the",
                "box": [308, 911, 337, 928]
            }, {
                "text": "total",
                "box": [341, 910, 382, 928]
            }, {
                "text": "of",
                "box": [387, 908, 406, 928]
            }, {
                "text": "lines",
                "box": [410, 910, 453, 928]
            }, {
                "text": "3",
                "box": [458, 909, 470, 929]
            }, {
                "text": "and",
                "box": [474, 910, 509, 929]
            }, {
                "text": "4",
                "box": [514, 909, 525, 928]
            }, {
                "text": "from",
                "box": [529, 910, 570, 929]
            }, {
                "text": "line",
                "box": [574, 910, 605, 928]
            }, {
                "text": "2.",
                "box": [609, 910, 627, 929]
            }, {
                "text": "Not",
                "box": [631, 910, 662, 928]
            }, {
                "text": "less",
                "box": [665, 909, 700, 927]
            }, {
                "text": "than",
                "box": [704, 908, 743, 929]
            }, {
                "text": "\"0\"",
                "box": [747, 909, 772, 929]
            }]
        }, {
            "id": 103,
            "text": "455,122.",
            "box": [1293, 903, 1435, 928],
            "label": "answer",
            "words": [{
                "text": "455,122.",
                "box": [1293, 903, 1435, 928]
            }],
            "linking": [
                [102, 103]
            ]
        }, {
            "id": 120,
            "text": "Enter 40% of line 5. See instructions",
            "box": [135, 935, 466, 962],
            "linking": [
                [120, 121]
            ],
            "label": "question",
            "words": [{
                "text": "Enter",
                "box": [141, 938, 192, 959]
            }, {
                "text": "40%",
                "box": [196, 938, 238, 959]
            }, {
                "text": "of",
                "box": [243, 939, 262, 959]
            }, {
                "text": "line",
                "box": [266, 940, 297, 958]
            }, {
                "text": "5.",
                "box": [301, 939, 320, 958]
            }, {
                "text": "See",
                "box": [322, 940, 357, 958]
            }, {
                "text": "instructions",
                "box": [361, 939, 460, 959]
            }]
        }, {
            "id": 121,
            "text": "182,049.",
            "box": [1294, 933, 1434, 958],
            "label": "answer",
            "words": [{
                "text": "182,049.",
                "box": [1294, 933, 1434, 958]
            }],
            "linking": [
                [120, 121]
            ]
        }, {
            "id": 129,
            "text": "Enter 65% of line 5. See instructions",
            "box": [135, 965, 466, 991],
            "linking": [
                [129, 130]
            ],
            "label": "question",
            "words": [{
                "text": "Enter",
                "box": [139, 969, 192, 988]
            }, {
                "text": "65%",
                "box": [197, 968, 237, 988]
            }, {
                "text": "of",
                "box": [243, 969, 262, 988]
            }, {
                "text": "line",
                "box": [266, 968, 297, 989]
            }, {
                "text": "5.",
                "box": [301, 969, 318, 988]
            }, {
                "text": "See",
                "box": [322, 968, 357, 989]
            }, {
                "text": "instructions",
                "box": [361, 969, 461, 989]
            }]
        }, {
            "id": 130,
            "text": "295,829.",
            "box": [1294, 964, 1434, 989],
            "label": "answer",
            "words": [{
                "text": "295,829.",
                "box": [1294, 964, 1434, 989]
            }],
            "linking": [
                [129, 130]
            ]
        }, {
            "id": 138,
            "text": "Enter 90% of line 5. See instructions",
            "box": [134, 996, 464, 1027],
            "linking": [
                [138, 139]
            ],
            "label": "question",
            "words": [{
                "text": "Enter",
                "box": [141, 1000, 193, 1020]
            }, {
                "text": "90%",
                "box": [196, 1000, 238, 1021]
            }, {
                "text": "of",
                "box": [243, 999, 262, 1021]
            }, {
                "text": "line",
                "box": [265, 999, 298, 1020]
            }, {
                "text": "5.",
                "box": [302, 999, 319, 1020]
            }, {
                "text": "See",
                "box": [323, 1000, 357, 1021]
            }, {
                "text": "instructions",
                "box": [361, 999, 461, 1021]
            }]
        }, {
            "id": 139,
            "text": "409,610.",
            "box": [1295, 993, 1434, 1019],
            "label": "answer",
            "words": [{
                "text": "409,610.",
                "box": [1295, 993, 1434, 1019]
            }],
            "linking": [
                [138, 139]
            ]
        }, {
            "id": 147,
            "text": "Overpayment from prior year Form 355U",
            "box": [135, 1112, 504, 1146],
            "linking": [
                [147, 148]
            ],
            "label": "question",
            "words": [{
                "text": "Overpayment",
                "box": [142, 1116, 264, 1141]
            }, {
                "text": "from",
                "box": [267, 1117, 310, 1142]
            }, {
                "text": "prior",
                "box": [314, 1118, 357, 1142]
            }, {
                "text": "year",
                "box": [359, 1120, 399, 1143]
            }, {
                "text": "Form",
                "box": [402, 1118, 447, 1141]
            }, {
                "text": "355U",
                "box": [451, 1117, 500, 1141]
            }]
        }, {
            "id": 148,
            "text": "216,969.",
            "box": [1282, 1109, 1435, 1139],
            "label": "answer",
            "words": [{
                "text": "216,969.",
                "box": [1282, 1109, 1435, 1139]
            }],
            "linking": [
                [147, 148]
            ]
        }, {
            "id": 155,
            "text": "First installment estimated tax payment made by the PRC",
            "box": [137, 1148, 648, 1177],
            "linking": [
                [155, 156]
            ],
            "label": "question",
            "words": [{
                "text": "First",
                "box": [137, 1148, 648, 1177]
            }, {
                "text": "installment",
                "box": [188, 1150, 289, 1171]
            }, {
                "text": "estimated",
                "box": [293, 1151, 381, 1173]
            }, {
                "text": "tax",
                "box": [385, 1151, 413, 1172]
            }, {
                "text": "payment",
                "box": [417, 1151, 490, 1173]
            }, {
                "text": "made",
                "box": [494, 1150, 541, 1173]
            }, {
                "text": "by",
                "box": [545, 1150, 567, 1174]
            }, {
                "text": "the",
                "box": [570, 1151, 599, 1172]
            }, {
                "text": "PRC",
                "box": [602, 1150, 644, 1171]
            }]
        }, {
            "id": 156,
            "text": "155,000.",
            "box": [1281, 1142, 1434, 1170],
            "label": "answer",
            "words": [{
                "text": "155,000.",
                "box": [1281, 1142, 1434, 1170]
            }],
            "linking": [
                [155, 156]
            ]
        }, {
            "id": 166,
            "text": "Second installment estimated tax payment made by the PRC",
            "box": [139, 1179, 678, 1206],
            "linking": [
                [166, 167]
            ],
            "label": "question",
            "words": [{
                "text": "Second",
                "box": [143, 1181, 212, 1202]
            }, {
                "text": "installment",
                "box": [213, 1181, 317, 1202]
            }, {
                "text": "estimated",
                "box": [317, 1181, 409, 1202]
            }, {
                "text": "tax",
                "box": [408, 1181, 442, 1202]
            }, {
                "text": "payment",
                "box": [442, 1182, 520, 1203]
            }, {
                "text": "made",
                "box": [147, 1177, 686, 1204]
            }, {
                "text": "by",
                "box": [572, 1180, 597, 1201]
            }, {
                "text": "the",
                "box": [597, 1180, 627, 1201]
            }, {
                "text": "PRC",
                "box": [629, 1180, 677, 1201]
            }]
        }, {
            "id": 167,
            "text": "85,000.",
            "box": [1282, 1173, 1435, 1199],
            "label": "answer",
            "words": [{
                "text": "85,000.",
                "box": [1282, 1173, 1435, 1199]
            }],
            "linking": [
                [166, 167]
            ]
        }, {
            "id": 169,
            "text": "Third installment estimated tax payment made by the PRC",
            "box": [143, 1207, 660, 1238],
            "linking": [
                [169, 170]
            ],
            "label": "question",
            "words": [{
                "text": "Third",
                "box": [143, 1209, 191, 1234]
            }, {
                "text": "installment",
                "box": [191, 1209, 295, 1234]
            }, {
                "text": "estimated",
                "box": [297, 1208, 388, 1233]
            }, {
                "text": "tax",
                "box": [389, 1211, 421, 1231]
            }, {
                "text": "payment",
                "box": [421, 1211, 498, 1231]
            }, {
                "text": "made",
                "box": [499, 1211, 551, 1231]
            }, {
                "text": "by",
                "box": [551, 1211, 575, 1231]
            }, {
                "text": "the",
                "box": [575, 1211, 609, 1231]
            }, {
                "text": "PRC",
                "box": [606, 1209, 654, 1231]
            }]
        }, {
            "id": 170,
            "text": "150,990.",
            "box": [1282, 1202, 1434, 1229],
            "label": "answer",
            "words": [{
                "text": "150,990.",
                "box": [1282, 1202, 1434, 1229]
            }],
            "linking": [
                [169, 170]
            ]
        }

    ]
}