{
	"form": [{
		"id": 1,
		"text": "Current year net income(loss) per foreign books of account",
		"box": [152, 183, 770, 212],
		"linking": [
			[1, 13]
		],
		"label": "question",
		"words": [{
			"box": [159, 184, 239, 207],
			"text": "Current"
		}, {
			"box": [241, 185, 288, 206],
			"text": "year"
		}, {
			"box": [292, 184, 325, 205],
			"text": "net"
		}, {
			"box": [329, 185, 406, 206],
			"text": "income"
		}, {
			"box": [410, 186, 463, 208],
			"text": "(loss)"
		}, {
			"box": [467, 184, 502, 208],
			"text": "per"
		}, {
			"box": [507, 185, 580, 206],
			"text": "foreign"
		}, {
			"box": [583, 187, 646, 207],
			"text": "books"
		}, {
			"box": [651, 185, 673, 206],
			"text": "of"
		}, {
			"box": [678, 187, 762, 206],
			"text": "account"
		}]
	}, {
		"id": 13,
		"text": "-2,673,373",
		"box": [],
		"label": "answer",
		"words": [{
			"box": [1323, 182, 1441, 205],
			"text": "-2,673,373"
		}],
		"linking": [
			[1, 13]
		]
	}, {
		"id": 14,
		"text": "Current earning and profits(or taxable income-see instructions)(line 1 plus line 2 minus line 3) ",
		"box": [141, 269, 1132, 303],
		"label": "question",
		"linking": [
			[14, 66]
		],
		"words": [{
			"box": [161, 273, 238, 297],
			"text": "Current"
		}, {
			"box": [240, 275, 332, 297],
			"text": "earning"
		}, {
			"box": [336, 272, 377, 296],
			"text": "and"
		}, {
			"box": [380, 274, 445, 299],
			"text": "profits"
		}, {
			"box": [448, 274, 477, 301],
			"text": "(or"
		}, {
			"box": [481, 273, 557, 297],
			"text": "taxable"
		}, {
			"box": [561, 274, 694, 299],
			"text": "income-see"
		}, {
			"box": [698, 275, 824, 298],
			"text": "instructions)"
		}, {
			"box": [830, 271, 869, 299],
			"text": "(line"
		}, {
			"box": [874, 276, 888, 297],
			"text": "1"
		}, {
			"box": [889, 274, 935, 299],
			"text": "plus"
		}, {
			"box": [940, 273, 978, 297],
			"text": "line"
		}, {
			"box": [983, 273, 998, 296],
			"text": "2"
		}, {
			"box": [1004, 274, 1065, 299],
			"text": "minus"
		}, {
			"box": [1068, 273, 1105, 298],
			"text": "line"
		}, {
			"box": [1109, 273, 1126, 300],
			"text": "3)"
		}]

	}, {
		"id": 66,
		"text": "-2,873,343",
		"box": [1325, 272, 1439, 296],
		"label": "answer",
		"words": [{
			"box": [1325, 119, 1411, 148],
			"text": "-2,873,343"
		}],
		"linking": [
			[14, 66]
		]
	}, {
		"id": 29,
		"text": "combine line 4 and 5 ",
		"box": [156, 332, 407, 358],
		"linking": [
			[29, 67]
		],
		"label": "answer",
		"words": [{
			"box": [161, 335, 254, 353],
			"text": "combine"
		}, {
			"box": [259, 334, 307, 356],
			"text": "line"
		}, {
			"box": [310, 335, 326, 354],
			"text": "4"
		}, {
			"box": [329, 336, 369, 354],
			"text": "and"
		}, {
			"box": [374, 335, 389, 355],
			"text": "5"
		}]
	}, {
		"id": 67,
		"text": "-2,813,373",
		"box": [1333, 335, 1443, 356],
		"label": "answer",
		"words": [{
			"box": [1333, 335, 1443, 356],
			"text": "-2,813,373"
		}],
		"linking": [
			[29, 67]
		]
	}, {
		"id": 35,
		"text": "Current earnings and profits (or taxable income)in U.S. dollars (Line 6 translatd at the average exchange rate determined under section 989(b) and the related regulations (see instructions))",
		"box": [150, 364, 1196, 420],
		"linking": [
			[35, 68]
		],
		"label": "question",
		"words": [{
			"box": [157, 366, 240, 387],
			"text": "Current"
		}, {
			"box": [247, 367, 338, 390],
			"text": "earnings"
		}, {
			"box": [342, 367, 386, 390],
			"text": "and"
		}, {
			"box": [393, 366, 461, 390],
			"text": "profits"
		}, {
			"box": [468, 368, 499, 390],
			"text": "(or"
		}, {
			"box": [507, 367, 586, 388],
			"text": "taxable"
		}, {
			"box": [591, 368, 677, 390],
			"text": "income)"
		}, {
			"box": [682, 368, 708, 389],
			"text": "in"
		}, {
			"box": [710, 365, 758, 389],
			"text": "U.S."
		}, {
			"box": [764, 366, 837, 391],
			"text": "dollars"
		}, {
			"box": [845, 368, 892, 391],
			"text": "(Line"
		}, {
			"box": [897, 367, 917, 386],
			"text": "6"
		}, {
			"box": [921, 368, 1024, 388],
			"text": "translatd"
		}, {
			"box": [1032, 366, 1054, 391],
			"text": "at"
		}, {
			"box": [1061, 367, 1098, 390],
			"text": "the"
		}, {
			"box": [1105, 368, 1190, 392],
			"text": "average"
		}, {
			"box": [159, 393, 262, 415],
			"text": "exchange"
		}, {
			"box": [265, 393, 305, 413],
			"text": "rate"
		}, {
			"box": [310, 394, 426, 416],
			"text": "determined"
		}, {
			"box": [430, 394, 493, 413],
			"text": "under"
		}, {
			"box": [496, 391, 569, 414],
			"text": "section"
		}, {
			"box": [573, 393, 637, 414],
			"text": "989(b)"
		}, {
			"box": [643, 393, 682, 414],
			"text": "and"
		}, {
			"box": [686, 393, 721, 414],
			"text": "the"
		}, {
			"box": [723, 395, 799, 413],
			"text": "related"
		}, {
			"box": [802, 394, 913, 416],
			"text": "regulations"
		}, {
			"box": [918, 392, 959, 415],
			"text": "(see)"
		}, {
			"box": [964, 392, 1104, 413],
			"text": "instructions))"
		}]
	}, {
		"id": 68,
		"text": "-5,250,006",
		"box": [1327, 382, 1443, 416],
		"label": "answer",
		"words": [{
			"box": [1327, 382, 1443, 416],
			"text": "-5,250,006"
		}],
		"linking": [
			[35, 68]
		]
	}]
}