{
    "form": [{
            "id": 1,
            "text": "Business or Manufacturing Corporation Excise Return",
            "box": [119,424,647,457],
            "linking": [
                [1, 2]
            ],
            "label": "question",
            "words": [{
                       "text": "Business",
                       "box": [122,425,216,456]
                      },
					  {
                       "text": "or",
                       "box": [218,426,241,454]
                      },
					   {
                       "text": "Manufacturing",
                       "box": [244,426,385,454]
                      },
					   {
                       "text": "Corporation",
                       "box": [387,427,504,455]
                      },
					   {
                       "text": "Excise",
                       "box": [507,427,573,455]
                      },
					   {
                       "text": "Return",
                       "box": [577,427,646,455]
                      }
            ]
        }, 
		{
            "id": 2,
            "text": "599999996",
            "box": [120,456,297,486],
            "label": "answer",
            "words": [{
                    "box": [209, 169, 236, 182],
                    "text": "599999996"
                }
            ],
            "linking": [
                [1, 2]
            ]
        },
		{
            "id": 3,
            "text": "Total tangible assets outside of Massachusetts",
            "box": [157,635,574,665],
            "linking": [
                [3, 4]
            ],
            "label": "question",
           "words": [{
                       "text": "Total",
                       "box": [157,636,207,664]
                      },
					  {
                       "text": "tangible",
                       "box": [210,637,286,665]
                      },
					   {
                       "text": "assets",
                       "box": [286,636,350,664]
                      },
					   {
                       "text": "outside",
                       "box": [350,637,417,665]
                      },
					   {
                       "text": "of",
                       "box": [417,636,435,664]
                      },
					   {
                       "text": "Massachusetts",
                       "box": [438,637,581,665]
                      }
            ]
        }, 
		{
            "id": 4,
            "text": "596115",
            "box": [1180,628,1424,664],
			"words":  [{
			         "text": "596115",
                     "box": [1180,628,1424,664]
					 }],
            "linking": [
                [3, 4]
            ],
            "label": "answer"
            
        }, 
		{
            "id": 5,
            "text": "Total tangible assets. Add lines 4 and 10",
            "box": [157,665,528,695],
            "linking": [
                [5, 6]
            ],
            "label": "question",
           "words": [{
                       "text": "Total",
                       "box": [158,667,208,695]
                      },
					  {
                       "text": "tangible",
                       "box": [209,666,284,694]
                      },
					   {
                       "text": "assets.",
                       "box": [285,666,351,694]
                      },
					   {
                       "text": "Add",
                       "box": [352,667,396,695]
                      },
					   {
                       "text": "lines",
                       "box": [396,666,441,694]
                      },
					   {
                       "text": "4",
                       "box": [439,665,455,693]
                      },
					    {
                       "text": "and",
                       "box": [457,666,493,694]
                      },
					   {
                       "text": "10",
                       "box": [495,666,521,694]
                      }
            ]
        }, 
		{
            "id": 6,
            "text": "596115",
            "box": [1181,664,1424,697],
            "linking": [
                [5, 6]
            ],
			"words":
			        [{
			         "text": "596115",
                     "box": [1181,664,1424,697]
			         }],
            "label": "answer"
            
        }, 
		{
            "id": 7,
            "text": "Accounts receivable",
            "box": [155,817,345,845],
            "linking": [
                [7, 8]
            ],
            "label": "question",
            "words": [{
                    "text": "Accounts",
                    "box": [94, 169, 168, 186]
                }, {
                    "text": "receivable",
                    "box": [170, 169, 191, 183]
                }
            ]
        }, 
		{
            "id": 8,
            "text": "16614114",
            "box": [1178,809,1423,844],
            "linking": [
                [7, 8]
            ],
			"words":[{
			        "text": "16614114",
                    "box": [1178,809,1423,844]
					}],
            "label": "answer"
            
        }, 
			{
            "id": 9,
            "text": "Cash",
            "box": [156,876,213,903],
            "linking": [
                [9, 10]
            ],
			"words":
			        [{
			         "text": "Cash",
                     "box": [156,876,213,903]
			         }],
            "label": "question"
           
        }, 
		{
            "id": 10,
            "text": "5277118",
            "box": [1179,871,1424,900],
            "linking": [
                [9, 10]
            ],
			"words":
			        [{
			         "text": "5277118",
                     "box": [1179,871,1424,900]
			         }],
            "label": "answer"
            
        }, 
		{
            "id": 11,
            "text": "Other assets",
            "box": [158,904,275,935],
            "linking": [
                [11, 12]
            ],
            "label": "question",
            "words": [{
                    "text": "Other",
                    "box": [94, 169, 168, 186]
                }, {
                    "text": "assets",
                    "box": [170, 169, 191, 183]
                }
            ]
        }, 
		{
            "id": 12,
            "text": "347635329",
            "box": [1180,901,1426,932],
            "linking": [
                [11, 12]
            ],
			"words":
			        [{
			         "text": "347635329",
                     "box": [1180,901,1426,932]
			         }],
            "label": "answer"
            
        }, 
		{
            "id": 13,
            "text": "total assets",
            "box": [159,936,277,965],
            "linking": [
                [13, 14]
            ],
            "label": "question",
            "words": [{
                    "text": "total",
                    "box": [94, 169, 168, 186]
                }, {
                    "text": "assets",
                    "box": [170, 169, 191, 183]
                }
            ]
        }, 
		{
            "id": 14,
            "text": "370122676",
            "box": [1182,932,1427,966],
            "linking": [
                [13, 14]
            ],
			"words": [{
                    "text": "370122676",
                    "box": [1182,932,1427,966]
                }],
            "label": "answer"
            
        }, 
		{
            "id": 15,
            "text": "Accounts payable",
            "box": [157,1148,323,1177],
            "linking": [
                [15, 16]
            ],
            "label": "question",
            "words": [{
                    "text": "Accounts",
                    "box": [94, 169, 168, 186]
                }, {
                    "text": "payable",
                    "box": [170, 169, 191, 183]
                }
            ]
        }, 
		{
            "id": 16,
            "text": "27845361",
            "box": [1182,1141,1431,1175],
            "linking": [
                [15, 16]
            ],
		    "words": [{
                   "text": "27845361",
                   "box": [1182,1141,1431,1175]
                }],
            "label": "answer"
            
        }, 
		{
            "id": 17,
            "text": "Miscellaneous current liabilities",
            "box": [154,1236,440,1264],
            "linking": [
                [17, 18]
            ],
            "label": "question",
            "words": [{
                    "text": "Miscellaneous",
                    "box": [94, 169, 168, 186]
                },
				{
                    "text": "current",
                    "box": [170, 169, 191, 183]
                },
				{
                    "text": "liabilities",
                    "box": [170, 169, 191, 183]
                }
            ]
        }, 
		{
            "id": 18,
            "text": "198636772",
            "box": [1180,901,1426,932],
            "linking": [
                [17, 18]
            ],
			"words": [{
                      "text": "198636772",
                      "box": [1180,901,1426,932]
                }],
            "label": "answer"
            
        }, 
		{
            "id": 19,
            "text": "Miscellaneous accrued liabilities",
            "box": [154,1266,446,1293],
            "linking": [
                [19, 20]
            ],
            "label": "question",
            "words": [{
                    "text": "Miscellaneous",
                    "box": [94, 169, 168, 186]
                },
				{
                    "text": "accrued",
                    "box": [170, 169, 191, 183]
                },
				{
                    "text": "liabilities",
                    "box": [170, 169, 191, 183]
                }
            ]
        }, 
		{
            "id": 20,
            "text": "749912",
            "box": [1181,1261,1433,1290],
            "linking": [
                [19, 20]
            ],
			"words":[{
			        "text": "749912",
                    "box": [1181,1261,1433,1290]
			        }],
            "label": "answer"
            
        }, 
		{
            "id": 21,
            "text": "Total liabilities",
            "box": [153,1295,289,1321],
            "linking": [
                [21, 22]
            ],
            "label": "question",
            "words": [{
                    "text": "total",
                    "box": [94, 169, 168, 186]
                }, {
                    "text": "liabilities",
                    "box": [170, 169, 191, 183]
                }
            ]
        }, 
		{
            "id": 22,
            "text": "227232045",
            "box": [1182,1290,1431,1322],
            "linking": [
                [21, 22]
            ],
			"words": [{
                    "text": "227232045",
                    "box": [1182,1290,1431,1322]
                    }],
            "label": "answer"
            
        }, 
		{
            "id": 23,
            "text": "paid-in or capital surplus",
            "box": [153,1356,380,1384],
            "linking": [
                [23, 24]
            ],
            "label": "question",
            "words": [{
                    "text": "paid-in",
                    "box": [94, 169, 168, 186]
                }, {
                    "text": "or",
                    "box": [170, 169, 191, 183]
                },
				{
                    "text": "capital",
                    "box": [170, 169, 191, 183]
                },
				{
                    "text": "surplus",
                    "box": [170, 169, 191, 183]
                }
            ]
        }, 
		{
            "id": 24,
            "text": "347635329",
            "box": [1180,901,1426,932],
            "linking": [
                [23, 24]
            ],
			"words": [{
                    "text": "347635329",
                    "box": [1180,901,1426,932]
                    }],
            "label": "answer"
            
        }, 
		{
            "id": 25,
            "text": "Retained earnings and surplus reserves",
            "box": [154,1384,506,1413],
            "linking": [
                [25, 26]
            ],
            "label": "question",
            "words": [{
                    "text": "Retained",
                    "box": [94, 169, 168, 186]
                }, {
                    "text": "earnings",
                    "box": [170, 169, 191, 183]
                },
				{
                    "text": "and",
                    "box": [170, 169, 191, 183]
                },
				{
                    "text": "surplus",
                    "box": [170, 169, 191, 183]
                },
				{
                    "text": "reserves",
                    "box": [170, 169, 191, 183]
                }
            ]
        }, 
		{
            "id": 26,
            "text": "21373631", 
            "box": [1183,1382,1432,1413],
            "linking": [
                [25, 26]
            ],
			"words": [{
                    "text": "21373631", 
                    "box": [1183,1382,1432,1413]
                    }],
            "label": "answer"
            
        }, 
		{
            "id": 27,
            "text": "Total capital",
            "box": [155,1447,274,1474],
            "linking": [
                [27, 28]
            ],
            "label": "question",
            "words": [{
                    "text": "Total",
                    "box": [94, 169, 168, 186]
                }, {
                    "text": "capital",
                    "box": [170, 169, 191, 183]
                }
				
            ]
        }, 
		{
            "id": 28,
            "text": "142890631",
            "box": [1186,1439,1433,1471],
            "linking": [
                [27, 28]
            ],
			"words": [{
                    "text": "142890631",
                    "box": [1186,1439,1433,1471]
                    }],
            "label": "answer"
            
        }, 
		{
            "id": 29,
            "text": "Total liabilities and capital",
            "box": [155,1506,391,1534],
            "linking": [
                [29, 30]
            ],
            "label": "question",
            "words": [{
                    "text": "total",
                    "box": [94, 169, 168, 186]
                }, {
                    "text": "liabilities",
                    "box": [170, 169, 191, 183]
                },
				{
                    "text": "and",
                    "box": [170, 169, 191, 183]
                },
				{
                    "text": "capital",
                    "box": [170, 169, 191, 183]
                }
            ]
        }, 
		{
            "id": 30,
            "text": "370122676",
            "box": [155,1506,391,1534],
            "linking": [
                [29, 30]
            ],
			"words":[{
			        "text": "370122676",
                    "box": [155,1506,391,1534]
					}],
            "label": "answer"
            
        }
		
    ]
}
