{
	"form": [{
		"id": 1,
		"text": "Current year net income(loss) per foreign books of account",
		"box": [152.00, 183.04, 770.78, 212.02],
		"linking": [
			[1, 2]
		],
		"label": "question",
		"words": [{
			"box": [159.79, 184.00, 239.79, 207.03],
			"text": "Current"
		}, {
			"box": [241.00, 185.99, 288.80, 206.95],
			"text": "year"
		}, {
			"box": [292.00, 184.97, 325.81, 205.95],
			"text": "net"
		}, {
			"box": [329.00, 185.00, 406.79, 206.95],
			"text": "income"
		}, {
			"box": [410.00, 186.97, 463.76, 208.95],
			"text": "(loss)"
		}, {
			"box": [467.78, 184.04, 502.78, 208.00],
			"text": "per"
		}, {
			"box": [507.00, 185.96, 580.77, 206.99],
			"text": "foreign"
		}, {
			"box": [583.00, 187.00, 646.77, 207.01],
			"text": "books"
		}, {
			"box": [651.00, 185.95, 673.82, 206.01],
			"text": "of"
		}, {
			"box": [678.00, 187.95, 762.77, 206.00],
			"text": "account"
		}]
	}, {
		"id": 13,
		"text": "-2,673,373",
		"box": [],
		"label": "answer",
		"words": [{
			"box": [1323.77, 182.05, 1441.78, 205.02],
			"text": "-2,673,373"
		}],
		"linking": [
			[1, 13]
		]
	}, {
		"id": 14,
		"text": "Current earning and profits(or taxable income-see instructions)(line 1 plus line 2 minus line 3) ",
		"box": [141.00, 269.03, 1132.78, 303.97],
		"label": "question",
		"linking": [
			[14, 66]
		],
		"words": [{
			"box": [161.79, 273.00, 238.79, 297.96],
			"text": "Current"
		}, {
			"box": [240.77, 275.04, 332.77, 297.95],
			"text": "earning"
		}, {
			"box": [336.00, 272.04, 377.80, 296.97],
			"text": "and"
		}, {
			"box": [380.00, 274.04, 445.77, 299.00],
			"text": "profits"
		}, {
			"box": [448.00, 274.00, 477.75, 301.96],
			"text": "(or"
		}, {
			"box": [481.00, 273.98, 557.78, 297.96],
			"text": "taxable"
		}, {
			"box": [561.00, 274.00, 694.77, 299.97],
			"text": "income-see"
		}, {
			"box": [698.00, 275.02, 824.79, 298.96],
			"text": "instructions)"
		}, {
			"box": [830.00, 271.97, 869.76, 299.98],
			"text": "(line"
		}, {
			"box": [874.85, 276.95, 888.84, 297.11],
			"text": "1"
		}, {
			"box": [889.00, 274.98, 935.76, 299.04],
			"text": "plus"
		}, {
			"box": [940.00, 273.02, 978.76, 297.96],
			"text": "line"
		}, {
			"box": [983.00, 273.05, 998.71, 296.02],
			"text": "2"
		}, {
			"box": [1004.77, 274.00, 1065.76, 299.96],
			"text": "minus"
		}, {
			"box": [1068.00, 273.04, 1105.78, 298.98],
			"text": "line"
		}, {
			"box": [1109.00, 273.97, 1126.73, 300.97],
			"text": "3)"
		}]

	}, {
		"id": 66,
		"text": "-2,873,343",
		"box": [1325.77, 272.96, 1439.79, 296.02],
		"label": "answer",
		"words": [{
			"box": [1325.68, 119.00, 1411.28, 148.06],
			"text": "-2,873,343"
		}],
		"linking": [
			[14, 66]
		]
	}, {
		"id": 29,
		"text": "combine line 4 and 5 ",
		"box": [156.79, 332.04, 407.78, 358.08],
		"linking": [
			[29, 67]
		],
		"label": "answer",
		"words": [{
			"box": [161.77, 335.00, 254.78, 353.94],
			"text": "combine"
		}, {
			"box": [259.00, 334.96, 307.80, 356.04],
			"text": "line"
		}, {
			"box": [310.00, 335.00, 326.78, 354.97],
			"text": "4"
		}, {
			"box": [329.00, 336.00, 369.81, 354.98],
			"text": "and"
		}, {
			"box": [374.00, 335.00, 389.72, 355.02],
			"text": "5"
		}]
	}, {
		"id": 67,
		"text": "-2,813,373",
		"box": [1333.77, 335.00, 1443.78, 356.02],
		"label": "answer",
		"words": [{
			"box": [1333.77, 335.00, 1443.78, 356.02],
			"text": "-2,813,373"
		}],
		"linking": [
			[29, 67]
		]
	}, {
		"id": 35,
		"text": "Current earnings and profits (or taxable income)in U.S. dollars (Line 6 translatd at the average exchange rate determined under section 989(b) and the related regulations (see instructions))",
		"box": [150.00, 364.00, 1196.78, 420.05],
		"linking": [
			[35, 68]
		],
		"label": "question",
		"words": [{
			"box": [157.00, 366.00, 240.78, 387.95],
			"text": "Current"
		}, {
			"box": [247.00, 367.96, 338.77, 390.97],
			"text": "earnings"
		}, {
			"box": [342.00, 367.00, 386.80, 390.96],
			"text": "and"
		}, {
			"box": [393.78, 366.04, 461.81, 390.91],
			"text": "profits"
		}, {
			"box": [468.00, 368.04, 499.75, 390.04],
			"text": "(or"
		}, {
			"box": [507.00, 367.95, 586.79, 388.04],
			"text": "taxable"
		}, {
			"box": [591.00, 368.00, 677.79, 390.04],
			"text": "income)"
		}, {
			"box": [682.00, 368.95, 708.82, 389.04],
			"text": "in"
		}, {
			"box": [710.00, 365.96, 758.76, 389.00],
			"text": "U.S."
		}, {
			"box": [764.00, 366.04, 837.78, 391.02],
			"text": "dollars"
		}, {
			"box": [845.00, 368.00, 892.80, 391.00],
			"text": "(Line"
		}, {
			"box": [897.00, 367.04, 917.83, 386.95],
			"text": "6"
		}, {
			"box": [921.00, 368.96, 1024.77, 388.05],
			"text": "translatd"
		}, {
			"box": [1032.00, 366.04, 1054.74, 391.01],
			"text": "at"
		}, {
			"box": [1061.00, 367.96, 1098.81, 390.08],
			"text": "the"
		}, {
			"box": [1105.00, 368.97, 1190.77, 392.96],
			"text": "average"
		}, {
			"box": [159.00, 393.00, 262.80, 415.04],
			"text": "exchange"
		}, {
			"box": [265.00, 393.95, 305.80, 413.97],
			"text": "rate"
		}, {
			"box": [310.00, 394.95, 426.78, 416.00],
			"text": "determined"
		}, {
			"box": [430.77, 394.92, 493.78, 413.00],
			"text": "under"
		}, {
			"box": [496.00, 391.96, 569.78, 414.05],
			"text": "section"
		}, {
			"box": [573.00, 393.02, 637.80, 414.05],
			"text": "989(b)"
		}, {
			"box": [643.00, 393.05, 682.78, 414.98],
			"text": "and"
		}, {
			"box": [686.00, 393.05, 721.81, 414.96],
			"text": "the"
		}, {
			"box": [723.79, 395.00, 799.77, 413.02],
			"text": "related"
		}, {
			"box": [802.00, 394.95, 913.81, 416.03],
			"text": "regulations"
		}, {
			"box": [918.00, 392.00, 959.80, 415.02],
			"text": "(see)"
		}, {
			"box": [964.00, 392.00, 1104.77, 413.04],
			"text": "instructions))"
		}]
	}, {
		"id": 68,
		"text": "-5,250,006",
		"box": [1327.79, 382.00, 1443.79, 416.02],
		"label": "answer",
		"words": [{
			"box": [1327.79, 382.00, 1443.79, 416.02],
			"text": "-5,250,006"
		}],
		"linking": [
			[35, 68]
		]
	}]
}