{
    "form": [{
        "id": 1,
        "text": "Form",
        "box": [86.67, 87.98, 138.65, 139.00],
        "linking": [
            [1, 2]
        ],
        "label": "question",
        "words": [{
            "box": [86.67, 87.98, 138.65, 139.00],
            "text": "Form"
        }]
    }, {
        "id": 2,
        "text": "5471",
        "box": [139.99, 88.00, 260.62, 138.04],
        "label": "answer",
        "words": [{
            "box": [139.99, 88.00, 260.62, 138.04],
            "text": "5471"
        }],
        "linking": [
            [1, 2]
        ]
    }, {
        "id": 3,
        "text": "OMB No.",
        "box": [1247.70, 119.00, 1325.31, 148.03],
        "label": "question",
        "words": [{
            "box": [1247.70, 119.00, 1292.36, 147.96],
            "text": "OMB"
        }, {
            "box": [1292.36, 120.00, 1325.31, 148.03],
            "text": "No."
        }],
        "linking": [
            [3, 4]
        ]
    }, {
        "id": 4,
        "text": "4665-0123",
        "box": [1325.68, 119.00, 1411.28, 148.06],
        "label": "answer",
        "words": [{
            "box": [1325.68, 119.00, 1411.28, 148.06],
            "text": "4665-0123"
        }],
        "linking": [
            [3, 4]
        ]
    }, {
        "id": 5,
        "text": "Attachment Sequence No.",
        "box": [1249.70, 204.00, 1363.35, 248.95],
        "linking": [
            [5, 6]
        ],
        "label": "question",
        "words": [{
            "box": [1249.70, 204.00, 1349.34, 228.04],
            "text": "Attachment"
        }, {
            "box": [1249.70, 227.00, 1333.31, 248.95],
            "text": "Sequence"
        }, {
            "box": [1333.68, 226.96, 1363.35, 248.95],
            "text": "No."
        }]
    }, {
        "id": 6,
        "text": "121",
        "box": [1370.29, 224.04, 1416.32, 248.22],
        "label": "answer",
        "words": [{
            "box": [1370.29, 224.04, 1416.32, 248.22],
            "text": "121"
        }],
        "linking": [
            [5, 6]
        ]
    }, {
        "id": 7,
        "text": "Name of person filing this return",
        "box": [89.00, 270.00, 344.35, 297.97],
        "linking": [
            [7, 8]
        ],
        "label": "question",
        "words": [{
            "box": [89.00, 270.00, 138.67, 297.97],
            "text": "Name"
        }, {
            "box": [137.99, 270.00, 158.68, 297.97],
            "text": "of"
        }, {
            "box": [158.98, 270.00, 217.60, 297.97],
            "text": "person"
        }, {
            "box": [217.97, 270.00, 259.63, 297.97],
            "text": "filing"
        }, {
            "box": [258.96, 270.00, 291.63, 297.97],
            "text": "this"
        }, {
            "box": [291.95, 270.00, 344.35, 297.97],
            "text": "return"
        }]
    }, {
        "id": 8,
        "text": "Long Name 1 ABC-SS-SSD--44441, Long Name 2 ABC-SS-SSD--44441",
        "box": [88.00, 300.00, 741.88, 326.55],
        "label": "answer",
        "words": [{
            "box": [88.00, 300.00, 137.67, 326.55],
            "text": "Long"
        }, {
            "box": [138.99, 300.00, 196.62, 326.55],
            "text": "Name"
        }, {
            "box": [196.97, 300.00, 214.56, 326.55],
            "text": "1"
        }, {
            "box": [212.97, 300.00, 415.56, 326.55],
            "text": "ABC-SS-SSD--44441,"
        }, {
            "box": [417.92, 300.00, 464.57, 326.55],
            "text": "Long"
        }, {
            "box": [465.90, 300.00, 524.55, 326.55],
            "text": "Name"
        }, {
            "box": [523.89, 300.00, 541.53, 326.55],
            "text": "2"
        }, {
            "box": [541.88, 300.00, 741.88, 326.55],
            "text": "ABC-SS-SSD--44441"
        }],
        "linking": [
            [7, 8]
        ]
    }, {
        "id": 9,
        "text": "A Identifying number",
        "box": [850.80, 271.00, 1033.42, 296.87],
        "linking": [
            [9, 10]
        ],
        "label": "question",
        "words": [{
            "box": [850.80, 271.00, 871.53, 296.87],
            "text": "A"
        }, {
            "box": [871.80, 271.00, 961.53, 296.87],
            "text": "Identifying"
        }, {
            "box": [962.77, 271.00, 1033.42, 296.87],
            "text": "number"
        }]
    }, {
        "id": 10,
        "text": "TEMPORARY",
        "box": [851.80, 300.00, 984.41, 328.03],
        "label": "answer",
        "words": [{
            "box": [851.80, 300.00, 984.41, 328.03],
            "text": "TEMPORARY"
        }],
        "linking": [
            [9, 10]
        ]
    }, {
        "id": 11,
        "text": "Number, street, and room or suite no. (or P.O. box number if mail is not delivered to street address)",
        "box": [89.00, 332.00, 792.00, 355.00],
        "linking": [
            [11, 12]
        ],
        "label": "question",
        "words": [{
            "box": [89.00, 332.00, 155.00, 355],
            "text": "Number,"
        }, {
            "box": [155.00, 332.00, 202.00, 355.00],
            "text": "street,"
        }, {
            "box": [202.00, 332.00, 234.00, 355.00],
            "text": "and"
        }, {
            "box": [234.00, 332.00, 277.00, 355.00],
            "text": "room"
        }, {
            "box": [277.00, 332.00, 294.00, 355.00],
            "text": "or"
        }, {
            "box": [294.00, 332.00, 332.00, 355.00],
            "text": "suite"
        }, {
            "box": [332.00, 332.00, 358.00, 355.00],
            "text": "no."
        }, {
            "box": [358.00, 332.00, 380.00, 355.00],
            "text": "(or"
        }, {
            "box": [380.00, 332.00, 416.00, 355.00],
            "text": "P.O."
        }, {
            "box": [416.00, 332.00, 448.00, 355.00],
            "text": "box"
        }, {
            "box": [448.00, 332.00, 506.00, 355.00],
            "text": "number"
        }, {
            "box": [506.00, 332.00, 518.00, 355.00],
            "text": "if"
        }, {
            "box": [518.00, 332.00, 552.00, 355.00],
            "text": "mail"
        }, {
            "box": [552.00, 332.00, 568.00, 355.00],
            "text": "is"
        }, {
            "box": [568.00, 332.00, 594.00, 355.00],
            "text": "not"
        }, {
            "box": [594.00, 332.00, 664.00, 355.00],
            "text": "delivered"
        }, {
            "box": [664.00, 332.00, 680.00, 355.00],
            "text": "to"
        }, {
            "box": [680.00, 332.00, 726.00, 355.00],
            "text": "street"
        }, {
            "box": [726.00, 332.00, 792.00, 355.00],
            "text": "address"
        }]
    }, {
        "id": 12,
        "text": "Address Line 1 ABC-SS-SSD--44441, Address Line 2 ABC-SS-SSD--44441",
        "box": [88.00, 358.00, 766.00, 380.00],
        "label": "answer",
        "words": [{
            "box": [88.00, 358.00, 168.00, 380.00],
            "text": "Address"
        }, {
            "box": [168.00, 358.00, 214.00, 380.00],
            "text": "Line"
        }, {
            "box": [214.00, 358.00, 228.00, 380.00],
            "text": "1"
        }, {
            "box": [228.00, 358.00, 430.00, 380.00],
            "text": "ABC-SS-SSD--44441,"
        }, {
            "box": [430.00, 358.00, 510.00, 380.00],
            "text": "Address"
        }, {
            "box": [510.00, 358.00, 554.00, 380.00],
            "text": "Line"
        }, {
            "box": [554.00, 358.00, 570.00, 380.00],
            "text": "2"
        }, {
            "box": [570.00, 358.00, 766.00, 380.00],
            "text": "ABC-SS-SSD--44441"
        }],
        "linking": [
            [11, 12]
        ]
    }, {
        "id": 13,
        "text": "City or town, state, and ZIP code",
        "box": [90.00, 392.00, 356.00, 416.00],
        "linking": [
            [13, 14]
        ],
        "label": "question",
        "words": [{
            "box": [90.00, 392.00, 124.00, 416.00],
            "text": "City"
        }, {
            "box": [124.00, 392.00, 146.00, 416.00],
            "text": "or"
        }, {
            "box": [146.00, 392.00, 196.00, 416.00],
            "text": "town,"
        }, {
            "box": [196.00, 392.00, 244.00, 416.00],
            "text": "state,"
        }, {
            "box": [244.00, 392.00, 278.00, 416.00],
            "text": "and"
        }, {
            "box": [278.00, 392.00, 310.00, 416.00],
            "text": "ZIP"
        }, {
            "box": [310.00, 392.00, 356.00, 416.00],
            "text": "code"
        }]
    }, {
        "id": 14,
        "text": "New nagar, DC 36345-3693",
        "box": [88.00, 422.00, 344.00, 446.00],
        "label": "answer",
        "words": [{
            "box": [88.00, 422.00, 134.00, 446.00],
            "text": "New"
        }, {
            "box": [134.00, 422.00, 196.00, 446.00],
            "text": "nagar,"
        }, {
            "box": [196.00, 422.00, 234.00, 446.00],
            "text": "DC"
        }, {
            "box": [234.00, 422.00, 344.00, 446.00],
            "text": "36345-3693"
        }],
        "linking": [
            [13, 14]
        ]
    }, {
        "id": 15,
        "text": "C Enter the total percentage of the foreign corporation's voting stock you owned at the end of its annual accounting period",
        "box": [852.00, 396.00, 1350.00, 446.00],
        "linking": [
            [15, 16]
        ],
        "label": "question",
        "words": [{
            "box": [852.00, 396.00, 872.00, 420.00],
            "text": "C"
        }, {
            "box": [872.00, 396.00, 918.00, 420.00],
            "text": "Enter"
        }, {
            "box": [918.00, 396.00, 948.00, 420.00],
            "text": "the"
        }, {
            "box": [948.00, 396.00, 988.00, 420.00],
            "text": "total"
        }, {
            "box": [988.00, 396.00, 1080.00, 420.00],
            "text": "percentage"
        }, {
            "box": [1080.00, 396.00, 1100.00, 420.00],
            "text": "of"
        }, {
            "box": [1100.00, 396.00, 1130.00, 420.00],
            "text": "the"
        }, {
            "box": [1130.00, 396.00, 1188.00, 420.00],
            "text": "foreign"
        }, {
            "box": [1188.00, 396.00, 1298.00, 420.00],
            "text": "corporation's"
        }, {
            "box": [1298.00, 396.00, 1350.00, 420.00],
            "text": "voting"
        }, {
            "box": [872.00, 424.00, 918.00, 446.00],
            "text": "stock"
        }, {
            "box": [918.00, 424.00, 954.00, 446.00],
            "text": "you"
        }, {
            "box": [954.00, 424.00, 1012.00, 446.00],
            "text": "owned"
        }, {
            "box": [1012.00, 424.00, 1032.00, 446.00],
            "text": "at"
        }, {
            "box": [1032.00, 424.00, 1062.00, 446.00],
            "text": "the"
        }, {
            "box": [1062.00, 424.00, 1096.00, 446.00],
            "text": "end"
        }, {
            "box": [1096.00, 424.00, 1116.00, 446.00],
            "text": "of"
        }, {
            "box": [1116.00, 424.00, 1140.00, 446.00],
            "text": "its"
        }, {
            "box": [1140.00, 424.00, 1194.00, 446.00],
            "text": "annual"
        }, {
            "box": [1194.00, 424.00, 1288.00, 446.00],
            "text": "accounting"
        }, {
            "box": [1288.00, 424.00, 1344.00, 446.00],
            "text": "period"
        }]
    }, {
        "id": 16,
        "text": "100.000 %",
        "box": [1348.00, 424.00, 1440.00, 446.00],
        "label": "answer",
        "words": [{
            "box": [1348.00, 424.00, 1423.00, 446.00],
            "text": "100.000"
        }, {
            "box": [1423.00, 424.00, 1440.00, 446.00],
            "text": "%"
        }],
        "linking": [
            [15, 16]
        ]
    }, {
        "id": 17,
        "text": "Filer's tax year beginning",
        "box": [88.00, 456.00, 288.00, 476.00],
        "linking": [
            [17, 18]
        ],
        "label": "question",
        "words": [{
            "box": [88.00, 456.00, 140.00, 476.00],
            "text": "Filer's"
        }, {
            "box": [140.00, 456.00, 168.00, 476.00],
            "text": "tax"
        }, {
            "box": [168.00, 456.00, 206.00, 476.00],
            "text": "year"
        }, {
            "box": [206.00, 456.00, 288.00, 476.00],
            "text": "beginning"
        }]
    }, {
        "id": 18,
        "text": "January 11, 2015 ,and ending December 13 ,2015",
        "box": [300.00, 456.00, 1070.00, 478.00],
        "label": "answer",
        "words": [{
            "box": [300.00, 456.00, 378.00, 478.00],
            "text": "January"
        }, {
            "box": [378.00, 456.00, 404.00, 478.00],
            "text": "11,"
        }, {
            "box": [558.00, 456.00, 618.00, 478.00],
            "text": "2015"
        }, {
            "box": [632.00, 456.00, 676.00, 478.00],
            "text": ",and"
        }, {
            "box": [676.00, 456.00, 734.00, 478.00],
            "text": "ending"
        }, {
            "box": [744.00, 456.00, 842.00, 478.00],
            "text": "December"
        }, {
            "box": [842.00, 456.00, 870.00, 478.00],
            "text": "13"
        }, {
            "box": [1008.00, 456.00, 1070.00, 478.00],
            "text": ",2015"
        }],
        "linking": [
            [17, 18]
        ]
    }, {
        "id": 19,
        "text": "1a Name and address of foreign corporation",
        "box": [102.00, 816.00, 454.00, 836.00],
        "linking": [
            [19, 20]
        ],
        "label": "question",
        "words": [{
            "box": [102.00, 816.00, 128.00, 836.00],
            "text": "1a"
        }, {
            "box": [128.00, 816.00, 180.00, 836.00],
            "text": "Name"
        }, {
            "box": [180.00, 816.00, 214.00, 836.00],
            "text": "and"
        }, {
            "box": [214.00, 816.00, 282.00, 836.00],
            "text": "address"
        }, {
            "box": [282.00, 816.00, 302.00, 836.00],
            "text": "of"
        }, {
            "box": [302.00, 816.00, 360.00, 836.00],
            "text": "foreign"
        }, {
            "box": [360.00, 816.00, 454.00, 836.00],
            "text": "corporation"
        }]
    }, {
        "id": 20,
        "text": "Long Name 1 XYX-SS-SSD--44441, Long Name 2 XYX-SS-SSD--44441 Address Line 1  XYX-SS-SSD--44441, Address Line 2 XYX-SS-SSD--44441 Mumbai 55577 Ahmedabad",
        "box": [104.00, 864.00, 784.00, 950.00],
        "label": "answer",
        "words": [{
            "box": [104.00, 864.00, 156.00, 888.00],
            "text": "Long"
        }, {
            "box": [156.00, 864.00, 214.00, 888.00],
            "text": "Name"
        }, {
            "box": [214.00, 864.00, 228.00, 888.00],
            "text": "1"
        }, {
            "box": [228.00, 864.00, 432.00, 888.00],
            "text": "XYX-SS-SSD--44441,"
        }, {
            "box": [432.00, 864.00, 482.00, 888.00],
            "text": "Long"
        }, {
            "box": [482.00, 864.00, 542.00, 888.00],
            "text": "Name"
        }, {
            "box": [542.00, 864.00, 558.00, 888.00],
            "text": "2"
        }, {
            "box": [558.00, 864.00, 752.00, 888.00],
            "text": "XYX-SS-SSD--44441"
        }, {
            "box": [104.00, 896.00, 184.00, 918.00],
            "text": "Address"
        }, {
            "box": [184.00, 896.00, 228.00, 918.00],
            "text": "Line"
        }, {
            "box": [228.00, 896.00, 244.00, 918.00],
            "text": "1"
        }, {
            "box": [248.00, 896.00, 450.00, 918.00],
            "text": "XYX-SS-SSD--44441,"
        }, {
            "box": [450.00, 896.00, 530.00, 918.00],
            "text": "Address"
        }, {
            "box": [530.00, 896.00, 572.00, 918.00],
            "text": "Line"
        }, {
            "box": [572.00, 896.00, 590.00, 918.00],
            "text": "2"
        }, {
            "box": [590.00, 896.00, 784.00, 918.00],
            "text": "XYX-SS-SSD--44441"
        }, {
            "box": [104.00, 928.00, 182.00, 950.00],
            "text": "Mumbai"
        }, {
            "box": [182.00, 928.00, 242.00, 950.00],
            "text": "55577"
        }, {
            "box": [242.00, 928.00, 356.00, 950.00],
            "text": "Ahmedabad"
        }],
        "linking": [
            [19, 20]
        ]
    }, {
        "id": 21,
        "text": "b(1) Employer identification number, if any",
        "box": [1040.00, 814.00, 1380.00, 836.00],
        "linking": [
            [21, 22]
        ],
        "label": "question",
        "words": [{
            "box": [1040.00, 814.00, 1078.00, 836.00],
            "text": "b(1)"
        }, {
            "box": [1078.00, 814.00, 1158.00, 836.00],
            "text": "Employer"
        }, {
            "box": [1158.00, 814.00, 1262.00, 836.00],
            "text": "identification"
        }, {
            "box": [1262.00, 814.00, 1332.00, 836.00],
            "text": "number,"
        }, {
            "box": [1332.00, 814.00, 1346.00, 836.00],
            "text": "if"
        }, {
            "box": [1346.00, 814.00, 1380.00, 836.00],
            "text": "any"
        }]
    }, {
        "id": 22,
        "text": "123123442",
        "box": [1032.00, 844.00, 1138.00, 868.00],
        "label": "answer",
        "words": [{
            "box": [1032.00, 844.00, 1138.00, 868.00],
            "text": "123123442"
        }],
        "linking": [
            [21, 22]
        ]
    }, {
        "id": 23,
        "text": "b(2) Reference ID number (see instructions)",
        "box": [1040.00, 874.00, 1388.00, 896.00],
        "linking": [
            [23, 24]
        ],
        "label": "question",
        "words": [{
            "box": [1040.00, 874.00, 1080.00, 896.00],
            "text": "b(2)"
        }, {
            "box": [1080.00, 874.00, 1164.00, 896.00],
            "text": "Reference"
        }, {
            "box": [1164.00, 874.00, 1186.00, 896.00],
            "text": "ID"
        }, {
            "box": [1186.00, 874.00, 1250.00, 896.00],
            "text": "number"
        }, {
            "box": [1250.00, 874.00, 1288.00, 896.00],
            "text": "(see"
        }, {
            "box": [1288.00, 874.00, 1388.00, 896.00],
            "text": "instructions)"
        }]
    }, {
        "id": 24,
        "text": "HIRENABC00077",
        "box": [1032.00, 908.00, 1196.00, 928.00],
        "label": "answer",
        "words": [{
            "box": [1032.00, 908.00, 1196.00, 928.00],
            "text": "HIRENABC00077"
        }],
        "linking": [
            [23, 24]
        ]
    }, {
        "id": 25,
        "text": "c Country under whose laws incorporated",
        "box": [1040.00, 936.00, 1396.00, 954.00],
        "linking": [
            [25, 26]
        ],
        "label": "question",
        "words": [{
            "box": [1040.00, 936.00, 1062.00, 954.00],
            "text": "c"
        }, {
            "box": [1074.00, 936.00, 1146.00, 954.00],
            "text": "Country"
        }, {
            "box": [1146.00, 936.00, 1194.00, 954.00],
            "text": "under"
        }, {
            "box": [1194.00, 936.00, 1250.00, 954.00],
            "text": "whose"
        }, {
            "box": [1250.00, 936.00, 1290.00, 954.00],
            "text": "laws"
        }, {
            "box": [1290.00, 936.00, 1396.00, 954.00],
            "text": "incorporated"
        }]
    }, {
        "id": 26,
        "text": "HR",
        "box": [1034.00, 966.00, 1068.00, 986.00],
        "label": "answer",
        "words": [{
            "box": [1034.00, 966.00, 1068.00, 986.00],
            "text": "HR"
        }],
        "linking": [
            [25, 26]
        ]
    }, {
        "id": 27,
        "text": "d Date of incorporation",
        "box": [108.00, 998.00, 298.00, 1014.00],
        "linking": [
            [27, 28]
        ],
        "label": "question",
        "words": [{
            "box": [108.00, 998.00, 128.00, 1014.00],
            "text": "d"
        }, {
            "box": [128.00, 998.00, 170.00, 1014.00],
            "text": "Date"
        }, {
            "box": [170.00, 998.00, 190.00, 1014.00],
            "text": "of"
        }, {
            "box": [190.00, 998.00, 298.00, 1014.00],
            "text": "incorporation"
        }]
    }, {
        "id": 28,
        "text": "10/15/2001",
        "box": [88.00, 1056.00, 194.00, 1076.00],
        "label": "answer",
        "words": [{
            "box": [88.00, 1056.00, 194.00, 1076.00],
            "text": "10/15/2001"
        }],
        "linking": [
            [27, 28]
        ]
    }, {
        "id": 29,
        "text": "e Principal place of business",
        "box": [312.00, 996.00, 542.00, 1014.00],
        "linking": [
            [29, 30]
        ],
        "label": "question",
        "words": [{
            "box": [312.00, 996.00, 328.00, 1014.00],
            "text": "e"
        }, {
            "box": [328.00, 996.00, 400.00, 1014.00],
            "text": "Principal"
        }, {
            "box": [400.00, 996.00, 448.00, 1014.00],
            "text": "place"
        }, {
            "box": [448.00, 996.00, 468.00, 1014.00],
            "text": "of"
        }, {
            "box": [468.00, 996.00, 542.00, 1014.00],
            "text": "business"
        }]
    }, {
        "id": 30,
        "text": "HR",
        "box": [344.00, 1056.00, 380.00, 1076.00],
        "label": "answer",
        "words": [{
            "box": [344.00, 1056.00, 380.00, 1076.00],
            "text": "HR"
        }],
        "linking": [
            [29, 30]
        ]
    }, {
        "id": 31,
        "text": "f Principal business activity code number",
        "box": [618.00, 996.00, 836.00, 1036.00],
        "linking": [
            [31, 32]
        ],
        "label": "question",
        "words": [{
            "box": [618.00, 996.00, 630.00, 1014.00],
            "text": "f"
        }, {
            "box": [630.00, 996.00, 702.00, 1014.00],
            "text": "Principal"
        }, {
            "box": [702.00, 996.00, 778.00, 1014.00],
            "text": "business"
        }, {
            "box": [778.00, 996.00, 836.00, 1014.00],
            "text": "activity"
        }, {
            "box": [630.00, 1018.00, 674.00, 1036.00],
            "text": "code"
        }, {
            "box": [674.00, 1018.00, 740.00, 1036.00],
            "text": "number"
        }]
    }, {
        "id": 32,
        "text": "951012",
        "box": [614.00, 1056.00, 686.00, 1076.00],
        "label": "answer",
        "words": [{
            "box": [614.00, 1056.00, 686.00, 1076.00],
            "text": "951012"
        }],
        "linking": [
            [31, 32]
        ]
    }, {
        "id": 33,
        "text": "g Principal business activity",
        "box": [888.00, 996.00, 1112.00, 1018.00],
        "linking": [
            [33, 34]
        ],
        "label": "question",
        "words": [{
            "box": [888.00, 996.00, 906.00, 1018.00],
            "text": "g"
        }, {
            "box": [906.00, 996.00, 978.00, 1018.00],
            "text": "Principal"
        }, {
            "box": [978.00, 996.00, 1052.00, 1018.00],
            "text": "business"
        }, {
            "box": [1052.00, 996.00, 1112.00, 1018.00],
            "text": "activity"
        }]
    }, {
        "id": 34,
        "text": "Offices of Other Holding Companies",
        "box": [884.00, 1058.00, 1172.00, 1076.00],
        "label": "answer",
        "words": [{
            "box": [884.00, 1058.00, 946.00, 1076.00],
            "text": "Offices"
        }, {
            "box": [946.00, 1058.00, 964.00, 1076.00],
            "text": "of"
        }, {
            "box": [964.00, 1058.00, 1012.00, 1076.00],
            "text": "Other"
        }, {
            "box": [1012.00, 1058.00, 1078.00, 1076.00],
            "text": "Holding"
        }, {
            "box": [1078.00, 1058.00, 1172.00, 1076.00],
            "text": "Companies"
        }],
        "linking": [
            [33, 34]
        ]
    }, {
        "id": 35,
        "text": "h Functional currency",
        "box": [1192.00, 996.00, 1372.00, 1014.00],
        "linking": [
            [35, 36]
        ],
        "label": "question",
        "words": [{
            "box": [1192.00, 996.00, 1212.00, 1014.00],
            "text": "h"
        }, {
            "box": [1212.00, 996.00, 1298.00, 1014.00],
            "text": "Functional"
        }, {
            "box": [1298.00, 996.00, 1372.00, 1014.00],
            "text": "currency"
        }]
    }, {
        "id": 36,
        "text": "ARupees Pabc",
        "box": [1190.00, 1058.00, 1330.00, 1080.00],
        "label": "answer",
        "words": [{
            "box": [1190.00, 1058.00, 1278.00, 1080.00],
            "text": "ARupees"
        }, {
            "box": [1278.00, 1058.00, 1330.00, 1080.00],
            "text": "Pabc"
        }],
        "linking": [
            [35, 36]
        ]
    }, {
        "id": 37,
        "text": "c Name and address of foreign corporation's statutory or resident agent in country of incorporation",
        "box": [110.00, 1268.00, 762.00, 1308.00],
        "linking": [
            [37, 38]
        ],
        "label": "question",
        "words": [{
            "box": [110.00, 1268.00, 128.00, 1288.00],
            "text": "c"
        }, {
            "box": [128.00, 1268.00, 178.00, 1288.00],
            "text": "Name"
        }, {
            "box": [178.00, 1268.00, 214.00, 1288.00],
            "text": "and"
        }, {
            "box": [214.00, 1268.00, 280.00, 1288.00],
            "text": "address"
        }, {
            "box": [280.00, 1268.00, 302.00, 1288.00],
            "text": "of"
        }, {
            "box": [302.00, 1268.00, 360.00, 1288.00],
            "text": "foreign"
        }, {
            "box": [360.00, 1268.00, 468.00, 1288.00],
            "text": "corporation's"
        }, {
            "box": [468.00, 1268.00, 542.00, 1288.00],
            "text": "statutory"
        }, {
            "box": [542.00, 1268.00, 564.00, 1288.00],
            "text": "or"
        }, {
            "box": [564.00, 1268.00, 630.00, 1288.00],
            "text": "resident"
        }, {
            "box": [630.00, 1268.00, 680.00, 1288.00],
            "text": "agent"
        }, {
            "box": [680.00, 1268.00, 700.00, 1288.00],
            "text": "in"
        }, {
            "box": [700.00, 1268.00, 762.00, 1288.00],
            "text": "country"
        }, {
            "box": [128.00, 1290.00, 148.00, 1308.00],
            "text": "of"
        }, {
            "box": [148.00, 1290.00, 258.00, 1308.00],
            "text": "incorporation"
        }]
    }, {
        "id": 38,
        "text": "Mr.XYZ Contact Address 1 XYX-SS-SSD--44441, Contact Address 2 XYX-SS-SSD--44441 Mumbai 55577 Ahmedabad",
        "box": [130.00, 1336.00, 728.00, 1426.00],
        "label": "answer",
        "words": [{
            "box": [130.00, 1336.00, 202.00, 1360.00],
            "text": "Mr.XYZ"
        }, {
            "box": [130.00, 1372.00, 190.00, 1392.00],
            "text": "Contact"
        }, {
            "box": [190.00, 1372.00, 256.00, 1392.00],
            "text": "Address"
        }, {
            "box": [256.00, 1372.00, 266.00, 1392.00],
            "text": "1"
        }, {
            "box": [266.00, 1372.00, 432.00, 1392.00],
            "text": "XYX-SS-SSD--44441,"
        }, {
            "box": [432.00, 1372.00, 492.00, 1392.00],
            "text": "Contact"
        }, {
            "box": [492.00, 1372.00, 556.00, 1392.00],
            "text": "Address"
        }, {
            "box": [556.00, 1372.00, 570.00, 1392.00],
            "text": "2"
        }, {
            "box": [570.00, 1372.00, 728.00, 1392.00],
            "text": "XYX-SS-SSD--44441"
        }, {
            "box": [130.00, 1408.00, 206.00, 1426.00],
            "text": "Mumbai"
        }, {
            "box": [206.00, 1408.00, 266.00, 1426.00],
            "text": "55577"
        }, {
            "box": [266.00, 1408.00, 380.00, 1426.00],
            "text": "Ahmedabad"
        }],
        "linking": [
            [37, 38]
        ]
    }]
}