{
    "form": [{
        "id": 0,
        "text": "OMB No.",
        "box": [1266.00, 96.00, 1346.00, 114.00],
        "linking": [
            [0, 1]
        ],
        "label": "question",
        "words": [{
            "text": "OMB",
            "box": [1266.00, 96.00, 1314.00, 114.00]
        }, {
            "text": "No.",
            "box": [1314.00, 96.00, 1346.00, 114.00]
        }]
    }, {
        "id": 1,
        "text": "1545-0123",
        "box": [1346.00, 96.00, 1436.00, 114.00],
        "label": "answer",
        "words": [{
            "box": [1346.00, 96.00, 1436.00, 114.00],
            "text": "1545-0123"
        }],
        "linking": [
            [0, 1]
        ]
    }, {
        "id": 2,
        "text": "Name",
        "box": [402.00, 186.00, 454.00, 204.00],
        "linking": [
            [2, 3]
        ],
        "label": "question",
        "words": [{
            "box": [402.00, 186.00, 454.00, 204.00],
            "text": "Name"
        }]
    }, {
        "id": 3,
        "text": "Long Name 1 BB-AZ-EPR--99001, Long Name 2 BB-AZ-EPR--99001",
        "box": [406.00, 216.00, 1024.00, 240.00],
        "label": "answer",
        "words": [{
            "box": [406.00, 216.00, 456.00, 240.00],
            "text": "Long"
        }, {
            "box": [456.00, 216.00, 516.00, 240.00],
            "text": "Name"
        }, {
            "box": [516.00, 216.00, 530.00, 240.00],
            "text": "1"
        }, {
            "box": [530.00, 216.00, 718.00, 240.00],
            "text": "BB-AZ-EPR--99001,"
        }, {
            "box": [718.00, 216.00, 768.00, 240.00],
            "text": "Long"
        }, {
            "box": [768.00, 216.00, 828.00, 240.00],
            "text": "Name"
        }, {
            "box": [828.00, 216.00, 844.00, 240.00],
            "text": "2"
        }, {
            "box": [844.00, 216.00, 1024.00, 240.00],
            "text": "BB-AZ-EPR--99001"
        }],
        "linking": [
            [2, 3]
        ]
    }, {
        "id": 4,
        "text": "Number, street, and room or suite no. If a P.O. box, see instructions.",
        "box": [406.00, 244.00, 944.00, 266.00],
        "linking": [
            [4, 5]
        ],
        "label": "question",
        "words": [{
            "box": [406.00, 244.00, 478.00, 266.00],
            "text": "Number,"
        }, {
            "box": [478.00, 244.00, 532.00, 266.00],
            "text": "street,"
        }, {
            "box": [532.00, 244.00, 566.00, 266.00],
            "text": "and"
        }, {
            "box": [566.00, 244.00, 612.00, 266.00],
            "text": "room"
        }, {
            "box": [612.00, 244.00, 632.00, 266.00],
            "text": "or"
        }, {
            "box": [632.00, 244.00, 676.00, 266.00],
            "text": "suite"
        }, {
            "box": [676.00, 244.00, 704.00, 266.00],
            "text": "no."
        }, {
            "box": [704.00, 244.00, 718.00, 266.00],
            "text": "If"
        }, {
            "box": [718.00, 244.00, 734.00, 266.00],
            "text": "a"
        }, {
            "box": [734.00, 244.00, 774.00, 266.00],
            "text": "P.O."
        }, {
            "box": [774.00, 244.00, 812.00, 266.00],
            "text": "box"
        }, {
            "box": [812.00, 244.00, 844.00, 266.00],
            "text": "see"
        }, {
            "box": [844.00, 244.00, 944.00, 266.00],
            "text": "instructions."
        }]
    }, {
        "id": 5,
        "text": "Address Line 1  FBB-AZ-EPR--99001, Address Line 2 BB-AZ-EPR--99001",
        "box": [406.00, 276.00, 1068.00, 298.00],
        "label": "answer",
        "words": [{
            "box": [406.00, 276.00, 486.00, 298.00],
            "text": "Address"
        }, {
            "box": [486.00, 276.00, 528.00, 298.00],
            "text": "Line"
        }, {
            "box": [528.00, 276.00, 546.00, 298.00],
            "text": "1"
        }, {
            "box": [546.00, 276.00, 748.00, 298.00],
            "text": "FBB-AZ-EPR--99001,"
        }, {
            "box": [748.00, 276.00, 828.00, 298.00],
            "text": "Address"
        }, {
            "box": [828.00, 276.00, 872.00, 298.00],
            "text": "Line"
        }, {
            "box": [872.00, 276.00, 888.00, 298.00],
            "text": "2"
        }, {
            "box": [888.00, 276.00, 1068.00, 298.00],
            "text": "BB-AZ-EPR--99001"
        }],
        "linking": [
            [4, 5]
        ]
    }, {
        "id": 6,
        "text": "City or town, state or province, country, and ZIP or foreign postal code",
        "box": [404.00, 306.00, 962.00, 328.00],
        "linking": [
            [6, 7]
        ],
        "label": "question",
        "words": [{
            "box": [404.00, 306.00, 440.00, 328.00],
            "text": "City"
        }, {
            "box": [440.00, 306.00, 460.00, 328.00],
            "text": "or"
        }, {
            "box": [460.00, 306.00, 510.00, 328.00],
            "text": "town,"
        }, {
            "box": [510.00, 306.00, 552.00, 328.00],
            "text": "state"
        }, {
            "box": [552.00, 306.00, 572.00, 328.00],
            "text": "or"
        }, {
            "box": [572.00, 306.00, 650.00, 328.00],
            "text": "province,"
        }, {
            "box": [650.00, 306.00, 718.00, 328.00],
            "text": "country,"
        }, {
            "box": [718.00, 306.00, 754.00, 328.00],
            "text": "and"
        }, {
            "box": [754.00, 306.00, 786.00, 328.00],
            "text": "ZIP"
        }, {
            "box": [786.00, 306.00, 806.00, 328.00],
            "text": "or"
        }, {
            "box": [806.00, 306.00, 864.00, 328.00],
            "text": "foreign"
        }, {
            "box": [864.00, 306.00, 918.00, 328.00],
            "text": "postal"
        }, {
            "box": [918.00, 306.00, 962.00, 328.00],
            "text": "code"
        }]
    }, {
        "id": 7,
        "text": "Abu Ambaji, Rajst, Indian Puri 22547-4444",
        "box": [412.00, 336.00, 794.00, 358.00],
        "linking": [
            [6, 7]
        ],
        "label": "answer",
        "words": [{
            "box": [412.00, 336.00, 452.00, 358.00],
            "text": "Abu"
        }, {
            "box": [452.00, 336.00, 526.00, 358.00],
            "text": "Ambaji,"
        }, {
            "box": [526.00, 336.00, 582.00, 358.00],
            "text": "Rajst,"
        }, {
            "box": [582.00, 336.00, 642.00, 358.00],
            "text": "Indian"
        }, {
            "box": [642.00, 336.00, 682.00, 358.00],
            "text": "Puri"
        }, {
            "box": [682.00, 336.00, 794.00, 358.00],
            "text": "22547-4444"
        }]
    }, {
        "id": 8,
        "text": "B  Employer identification number",
        "box": [1142.00, 186.00, 1430.00, 206.00],
        "linking": [
            [8, 9]
        ],
        "label": "question",
        "words": [{
            "box": [1142.00, 186.00, 1162.00, 206.00],
            "text": "B"
        }, {
            "box": [1162.00, 186.00, 1248.00, 206.00],
            "text": "Employer"
        }, {
            "box": [1248.00, 186.00, 1362.00, 206.00],
            "text": "identification"
        }, {
            "box": [1362.00, 186.00, 1430.00, 206.00],
            "text": "number"
        }]
    }, {
        "id": 9,
        "text": "TEMPORARY",
        "box": [1164.00, 210.00, 1296.00, 232.00],
        "label": "answer",
        "words": [{
            "box": [1164.00, 210.00, 1296.00, 232.00],
            "text": "TEMPORARY"
        }],
        "linking": [
            [8, 9]
        ]
    }, {
        "id": 10,
        "text": "C Date incorporated",
        "box": [1144.00, 246.00, 1306.00, 266.00],
        "linking": [
            [10, 11]
        ],
        "label": "question",
        "words": [{
            "box": [1144.00, 246.00, 1160.00, 266.00],
            "text": "C"
        }, {
            "box": [1160.00, 246.00, 1202.00, 266.00],
            "text": "Date"
        }, {
            "box": [1202.00, 246.00, 1306.00, 266.00],
            "text": "incorporated"
        }]
    }, {
        "id": 11,
        "text": "03/15/2015",
        "box": [1162.00, 276.00, 1268.00, 296.00],
        "label": "answer",
        "words": [{
            "box": [1162.00, 276.00, 1268.00, 296.00],
            "text": "03/15/2015"
        }],
        "linking": [
            [10, 11]
        ]
    }, {
        "id": 12,
        "text": "D Total assets (see instructions)",
        "box": [1142.00, 306.00, 1398.00, 326.00],
        "linking": [
            [12, 13]
        ],
        "label": "question",
        "words": [{
            "box": [1142.00, 306.00, 1160.00, 326.00],
            "text": "D"
        }, {
            "box": [1160.00, 306.00, 1204.00, 326.00],
            "text": "Total"
        }, {
            "box": [1204.00, 306.00, 1260.00, 326.00],
            "text": "assets"
        }, {
            "box": [1260.00, 306.00, 1296.00, 326.00],
            "text": "(see"
        }, {
            "box": [1296.00, 306.00, 1398.00, 326.00],
            "text": "instructions)"
        }]
    }, {
        "id": 13,
        "text": "$ 11,888,966",
        "box": [1246.00, 338.00, 1440.00, 356.00],
        "label": "answer",
        "words": [{
            "box": [1246.00, 338.00, 1266.00, 360.00],
            "text": "$"
        }, {
            "box": [1336.00, 336.00, 1440.00, 356.00],
            "text": "11,888,966"
        }],
        "linking": [
            [12, 13]
        ]
    }, {
        "id": 14,
        "text": "1a Gross receipts or sales",
        "box": [148.00, 398.00, 406.00, 420.00],
        "linking": [
            [14, 15]
        ],
        "label": "question",
        "words": [{
            "box": [148.00, 398.00, 178.00, 420.00],
            "text": "1a"
        }, {
            "box": [196.00, 398.00, 256.00, 420.00],
            "text": "Gross"
        }, {
            "box": [256.00, 398.00, 332.00, 420.00],
            "text": "receipts"
        }, {
            "box": [332.00, 398.00, 356.00, 420.00],
            "text": "or"
        }, {
            "box": [356.00, 398.00, 406.00, 420.00],
            "text": "sales"
        }]
    }, {
        "id": 15,
        "text": "33,382,337",
        "box": [1028.00, 394.00, 1204.00, 418.00],
        "label": "answer",
        "words": [{
            "box": [1028.00, 394.00, 1204.00, 418.00],
            "text": "33,382,337"
        }],
        "linking": [
            [14, 15]
        ]
    }, {
        "id": 16,
        "text": "b Returns and allowances",
        "box": [156.00, 426.00, 416.00, 450.00],
        "linking": [
            [16, 17]
        ],
        "label": "question",
        "words": [{
            "box": [156.00, 426.00, 178.00, 450.00],
            "text": "b"
        }, {
            "box": [198.00, 426.00, 272.00, 450.00],
            "text": "Returns"
        }, {
            "box": [272.00, 426.00, 310.00, 450.00],
            "text": "and"
        }, {
            "box": [310.00, 426.00, 416.00, 450.00],
            "text": "allowances"
        }]
    }, {
        "id": 17,
        "text": "561,500",
        "box": [1028.00, 422.00, 1204.00, 448.00],
        "label": "answer",
        "words": [{
            "box": [1028.00, 422.00, 1204.00, 448.00],
            "text": "561,500"
        }],
        "linking": [
            [16, 17]
        ]
    }, {
        "id": 18,
        "text": "c Balance.  Subtract line 1b from line 1a",
        "box": [156.00, 460.00, 542.00, 480.00],
        "linking": [
            [18, 19]
        ],
        "label": "question",
        "words": [{
            "box": [156.00, 460.00, 176.00, 480.00],
            "text": "c"
        }, {
            "box": [196.00, 458.00, 282.00, 480.00],
            "text": "Balance."
        }, {
            "box": [282.00, 458.00, 368.00, 480.00],
            "text": "Subtract"
        }, {
            "box": [368.00, 458.00, 404.00, 480.00],
            "text": "line"
        }, {
            "box": [404.00, 458.00, 432.00, 480.00],
            "text": "1b"
        }, {
            "box": [432.00, 458.00, 478.00, 480.00],
            "text": "from"
        }, {
            "box": [478.00, 458.00, 518.00, 480.00],
            "text": "line"
        }, {
            "box": [518.00, 458.00, 542.00, 480.00],
            "text": "1a"
        }]
    }, {
        "id": 19,
        "text": "22,780,837",
        "box": [1260.00, 452.00, 1438.00, 480.00],
        "label": "answer",
        "words": [{
            "box": [1260.00, 452.00, 1438.00, 480.00],
            "text": "22,780,837"
        }],
        "linking": [
            [18, 19]
        ]
    }, {
        "id": 20,
        "text": "2 Cost of goods sold (attach Form 1125-A)",
        "box": [148.00, 488.00, 566.00, 512.00],
        "linking": [
            [20, 21]
        ],
        "label": "question",
        "words": [{
            "box": [146.00, 486.00, 168.00, 512.00],
            "text": "2"
        }, {
            "box": [196.00, 486.00, 246.00, 512.00],
            "text": "Cost"
        }, {
            "box": [246.00, 486.00, 266.00, 512.00],
            "text": "of"
        }, {
            "box": [266.00, 486.00, 330.00, 512.00],
            "text": "goods"
        }, {
            "box": [330.00, 486.00, 372.00, 512.00],
            "text": "sold"
        }, {
            "box": [372.00, 486.00, 438.00, 512.00],
            "text": "(attach"
        }, {
            "box": [438.00, 486.00, 492.00, 512.00],
            "text": "Form"
        }, {
            "box": [492.00, 486.00, 566.00, 512.00],
            "text": "1125-A"
        }]
    }, {
        "id": 21,
        "text": "4,363,726",
        "box": [1260.00, 482.00, 1440.00, 510.00],
        "label": "answer",
        "words": [{
            "box": [1260.00, 482.00, 1440.00, 510.00],
            "text": "4,363,726"
        }],
        "linking": [
            [20, 21]
        ]
    }, {
        "id": 22,
        "text": "3 Gross profit.  Subtract line 2 from line 1c",
        "box": [146.00, 518.00, 564.00, 542.00],
        "linking": [
            [22, 23]
        ],
        "label": "question",
        "words": [{
            "box": [146.00, 518.00, 170.00, 542.00],
            "text": "3"
        }, {
            "box": [196.00, 518.00, 254.00, 542.00],
            "text": "Gross"
        }, {
            "box": [254.00, 518.00, 316.00, 542.00],
            "text": "profit."
        }, {
            "box": [316.00, 518.00, 400.00, 542.00],
            "text": "Subtract"
        }, {
            "box": [400.00, 518.00, 438.00, 542.00],
            "text": "line"
        }, {
            "box": [438.00, 518.00, 454.00, 542.00],
            "text": "2"
        }, {
            "box": [454.00, 518.00, 500.00, 542.00],
            "text": "from"
        }, {
            "box": [500.00, 518.00, 538.00, 542.00],
            "text": "line"
        }, {
            "box": [538.00, 518.00, 564.00, 542.00],
            "text": "1c"
        }]
    }, {
        "id": 23,
        "text": "37,417,111",
        "box": [1260.00, 510.00, 1440.00, 540.00],
        "label": "answer",
        "words": [{
            "box": [1260.00, 510.00, 1440.00, 540.00],
            "text": "37,417,111"
        }],
        "linking": [
            [22, 23]
        ]
    }, {
        "id": 24,
        "text": "4 Dividends and inclusions (Schedule C, line 23)",
        "box": [146.00, 548.00, 614.00, 572.00],
        "linking": [
            [24, 25]
        ],
        "label": "question",
        "words": [{
            "box": [146.00, 548.00, 170.00, 572.00],
            "text": "4"
        }, {
            "box": [196.00, 548.00, 290.00, 572.00],
            "text": "Dividends"
        }, {
            "box": [290.00, 548.00, 330.00, 572.00],
            "text": "and"
        }, {
            "box": [330.00, 548.00, 424.00, 572.00],
            "text": "inclusions"
        }, {
            "box": [424.00, 548.00, 520.00, 572.00],
            "text": "(Schedule"
        }, {
            "box": [520.00, 548.00, 544.00, 572.00],
            "text": "C,"
        }, {
            "box": [544.00, 548.00, 580.00, 572.00],
            "text": "line"
        }, {
            "box": [580.00, 548.00, 614.00, 572.00],
            "text": "23)"
        }]
    }, {
        "id": 25,
        "text": "12,532,166",
        "box": [1260.00, 540.00, 1440.00, 570.00],
        "label": "answer",
        "words": [{
            "box": [1260.00, 540.00, 1440.00, 570.00],
            "text": "12,532,166"
        }],
        "linking": [
            [24, 25]
        ]
    }, {
        "id": 26,
        "text": "5 Interest",
        "box": [146.00, 578.00, 270.00, 600.00],
        "linking": [
            [26, 27]
        ],
        "label": "question",
        "words": [{
            "box": [146.00, 578.00, 166.00, 600.00],
            "text": "5"
        }, {
            "box": [196.00, 578.00, 270.00, 600.00],
            "text": "Interest"
        }]
    }, {
        "id": 27,
        "text": "2,890,239",
        "box": [1260.00, 570.00, 1440.00, 600.00],
        "label": "answer",
        "words": [{
            "box": [1260.00, 570.00, 1440.00, 600.00],
            "text": "2,890,239"
        }],
        "linking": [
            [26, 27]
        ]
    }, {
        "id": 28,
        "text": "6 Gross rents",
        "box": [146.00, 608.00, 306.00, 630.00],
        "linking": [
            [28, 29]
        ],
        "label": "question",
        "words": [{
            "box": [146.00, 608.00, 166.00, 630.00],
            "text": "6"
        }, {
            "box": [198.00, 608.00, 256.00, 630.00],
            "text": "Gross"
        }, {
            "box": [256.00, 608.00, 306.00, 630.00],
            "text": "rents"
        }]
    }, {
        "id": 29,
        "text": "1,705,650",
        "box": [1260.00, 600.00, 1440.00, 630.00],
        "label": "answer",
        "words": [{
            "box": [1260.00, 600.00, 1440.00, 630.00],
            "text": "1,705,650"
        }],
        "linking": [
            [28, 29]
        ]
    }, {
        "id": 30,
        "text": "7 Gross royalties",
        "box": [146.00, 638.00, 334.00, 662.00],
        "linking": [
            [30, 31]
        ],
        "label": "question",
        "words": [{
            "box": [146.00, 638.00, 166.00, 662.00],
            "text": "7"
        }, {
            "box": [196.00, 638.00, 254.00, 662.00],
            "text": "Gross"
        }, {
            "box": [254.00, 638.00, 334.00, 662.00],
            "text": "royalties"
        }]
    }, {
        "id": 31,
        "text": "1,119,523",
        "box": [1260.00, 630.00, 1440.00, 660.00],
        "label": "answer",
        "words": [{
            "box": [1260.00, 630.00, 1440.00, 660.00],
            "text": "1,119,523"
        }],
        "linking": [
            [30, 31]
        ]
    }, {
        "id": 32,
        "text": "8 Capital gain net income (attach Schedule D (Form 1120))",
        "box": [146.00, 666.00, 706.00, 692.00],
        "linking": [
            [32, 33]
        ],
        "label": "question",
        "words": [{
            "box": [146.00, 666.00, 168.00, 692.00],
            "text": "8"
        }, {
            "box": [194.00, 666.00, 262.00, 692.00],
            "text": "Capital"
        }, {
            "box": [262.00, 666.00, 308.00, 692.00],
            "text": "gain"
        }, {
            "box": [308.00, 666.00, 342.00, 692.00],
            "text": "net"
        }, {
            "box": [342.00, 666.00, 412.00, 692.00],
            "text": "income"
        }, {
            "box": [412.00, 666.00, 478.00, 692.00],
            "text": "(attach"
        }, {
            "box": [478.00, 666.00, 570.00, 692.00],
            "text": "Schedule"
        }, {
            "box": [570.00, 666.00, 588.00, 692.00],
            "text": "D"
        }, {
            "box": [588.00, 666.00, 648.00, 692.00],
            "text": "(Form"
        }, {
            "box": [648.00, 666.00, 706.00, 692.00],
            "text": "1120))"
        }]
    }, {
        "id": 33,
        "text": "3,120,346",
        "box": [1260.00, 660.00, 1440.00, 690.00],
        "label": "answer",
        "words": [{
            "box": [1260.00, 660.00, 1440.00, 690.00],
            "text": "3,120,346"
        }],
        "linking": [
            [32, 33]
        ]
    }, {
        "id": 34,
        "text": "9 Net gain or (loss) from Form 4797, Part II, line 17 (attach Form 4797)",
        "box": [146.00, 696.00, 808.00, 720.00],
        "linking": [
            [34, 35]
        ],
        "label": "question",
        "words": [{
            "box": [146.00, 696.00, 166.00, 720.00],
            "text": "9"
        }, {
            "box": [194.00, 696.00, 232.00, 720.00],
            "text": "Net"
        }, {
            "box": [232.00, 696.00, 276.00, 720.00],
            "text": "gain"
        }, {
            "box": [276.00, 696.00, 300.00, 720.00],
            "text": "or"
        }, {
            "box": [300.00, 696.00, 352.00, 720.00],
            "text": "(loss)"
        }, {
            "box": [352.00, 696.00, 398.00, 720.00],
            "text": "from"
        }, {
            "box": [398.00, 696.00, 450.00, 720.00],
            "text": "Form"
        }, {
            "box": [450.00, 696.00, 506.00, 720.00],
            "text": "4797,"
        }, {
            "box": [506.00, 696.00, 548.00, 720.00],
            "text": "Part"
        }, {
            "box": [548.00, 696.00, 570.00, 720.00],
            "text": "II,"
        }, {
            "box": [570.00, 696.00, 606.00, 720.00],
            "text": "line"
        }, {
            "box": [606.00, 696.00, 634.00, 720.00],
            "text": "17"
        }, {
            "box": [634.00, 696.00, 700.00, 720.00],
            "text": "(attach"
        }, {
            "box": [700.00, 696.00, 752.00, 720.00],
            "text": "Form"
        }, {
            "box": [752.00, 696.00, 808.00, 720.00],
            "text": "4797)"
        }]
    }, {
        "id": 35,
        "text": "3,123,872",
        "box": [1260.00, 690.00, 1440.00, 720.00],
        "label": "answer",
        "words": [{
            "box": [1260.00, 690.00, 1440.00, 720.00],
            "text": "3,123,872"
        }],
        "linking": [
            [34, 35]
        ]
    }, {
        "id": 36,
        "text": "10 Other income (see instructions—attach statement)",
        "box": [138.00, 726.00, 650.00, 752.00],
        "linking": [
            [36, 37]
        ],
        "label": "question",
        "words": [{
            "box": [138.00, 726.00, 166.00, 752.00],
            "text": "10"
        }, {
            "box": [196.00, 726.00, 250.00, 752.00],
            "text": "Other"
        }, {
            "box": [250.00, 726.00, 322.00, 752.00],
            "text": "income"
        }, {
            "box": [322.00, 726.00, 364.00, 752.00],
            "text": "(see"
        }, {
            "box": [364.00, 726.00, 650.00, 752.00],
            "text": "instructions—attach statement)"
        }]
    }, {
        "id": 37,
        "text": "12,281,083",
        "box": [1260.00, 720.00, 1440.00, 750.00],
        "label": "answer",
        "words": [{
            "box": [1260.00, 720.00, 1440.00, 750.00],
            "text": "12,281,083"
        }],
        "linking": [
            [36, 37]
        ]
    }, {
        "id": 38,
        "text": "11 Total income. Add lines 3 through 10",
        "box": [138.00, 758.00, 544.00, 780.00],
        "linking": [
            [38, 39]
        ],
        "label": "question",
        "words": [{
            "box": [138.00, 758.00, 164.00, 780.00],
            "text": "11"
        }, {
            "box": [194.00, 758.00, 250.00, 780.00],
            "text": "Total"
        }, {
            "box": [250.00, 758.00, 330.00, 780.00],
            "text": "income."
        }, {
            "box": [330.00, 758.00, 378.00, 780.00],
            "text": "Add"
        }, {
            "box": [378.00, 758.00, 424.00, 780.00],
            "text": "lines"
        }, {
            "box": [424.00, 758.00, 442.00, 780.00],
            "text": "3"
        }, {
            "box": [442.00, 758.00, 518.00, 780.00],
            "text": "through"
        }, {
            "box": [518.00, 758.00, 544.00, 780.00],
            "text": "10"
        }]
    }, {
        "id": 39,
        "text": "74,189,990",
        "box": [1260.00, 750.00, 1440.00, 780.00],
        "label": "answer",
        "words": [{
            "box": [1260.00, 750.00, 1440.00, 780.00],
            "text": "74,189,990"
        }],
        "linking": [
            [38, 39]
        ]
    }, {
        "id": 40,
        "text": "12 Compensation of officers (see instructions—attach Form 1125-E)",
        "box": [136.00, 786.00, 780.00, 812.00],
        "linking": [
            [40, 41]
        ],
        "label": "question",
        "words": [{
            "box": [136.00, 786.00, 166.00, 812.00],
            "text": "12"
        }, {
            "box": [196.00, 786.00, 332.00, 812.00],
            "text": "Compensation"
        }, {
            "box": [332.00, 786.00, 356.00, 812.00],
            "text": "of"
        }, {
            "box": [356.00, 786.00, 426.00, 812.00],
            "text": "officers"
        }, {
            "box": [426.00, 786.00, 468.00, 812.00],
            "text": "(see"
        }, {
            "box": [468.00, 786.00, 780.00, 812.00],
            "text": "instructions—attach Form 1125-E)"
        }]
    }, {
        "id": 41,
        "text": "958,369",
        "box": [1260.00, 780.00, 1440.00, 810.00],
        "label": "answer",
        "words": [{
            "box": [1260.00, 780.00, 1440.00, 810.00],
            "text": "958,369"
        }],
        "linking": [
            [40, 41]
        ]
    }, {
        "id": 42,
        "text": "13 Salaries and wages (less employment credits)",
        "box": [138.00, 816.00, 602.00, 838.00],
        "linking": [
            [42, 43]
        ],
        "label": "question",
        "words": [{
            "box": [138.00, 816.00, 166.00, 838.00],
            "text": "13"
        }, {
            "box": [194.00, 816.00, 272.00, 838.00],
            "text": "Salaries"
        }, {
            "box": [272.00, 816.00, 312.00, 838.00],
            "text": "and"
        }, {
            "box": [312.00, 816.00, 372.00, 838.00],
            "text": "wages"
        }, {
            "box": [372.00, 816.00, 418.00, 838.00],
            "text": "(less"
        }, {
            "box": [418.00, 816.00, 534.00, 838.00],
            "text": "employment"
        }, {
            "box": [534.00, 816.00, 602.00, 838.00],
            "text": "credits)"
        }]
    }, {
        "id": 43,
        "text": "1,674,351",
        "box": [1260.00, 810.00, 1440.00, 840.00],
        "label": "answer",
        "words": [{
            "box": [1260.00, 810.00, 1440.00, 840.00],
            "text": "1,674,351"
        }],
        "linking": [
            [42, 43]
        ]
    }, {
        "id": 44,
        "text": "14 Repairs and maintenance",
        "box": [138.00, 848.00, 428.00, 872.00],
        "linking": [
            [44, 45]
        ],
        "label": "question",
        "words": [{
            "box": [138.00, 848.00, 166.00, 872.00],
            "text": "14"
        }, {
            "box": [196.00, 848.00, 270.00, 872.00],
            "text": "Repairs"
        }, {
            "box": [270.00, 848.00, 310.00, 872.00],
            "text": "and"
        }, {
            "box": [310.00, 848.00, 428.00, 872.00],
            "text": "maintenance"
        }]
    }, {
        "id": 45,
        "text": "714,616",
        "box": [1260.00, 840.00, 1440.00, 870.00],
        "label": "answer",
        "words": [{
            "box": [1260.00, 840.00, 1440.00, 870.00],
            "text": "714,616"
        }],
        "linking": [
            [44, 45]
        ]
    }, {
        "id": 46,
        "text": "15 Bad debts",
        "box": [138.00, 876.00, 294.00, 898.00],
        "linking": [
            [46, 47]
        ],
        "label": "question",
        "words": [{
            "box": [138.00, 876.00, 164.00, 898.00],
            "text": "15"
        }, {
            "box": [196.00, 876.00, 238.00, 898.00],
            "text": "Bad"
        }, {
            "box": [238.00, 876.00, 294.00, 898.00],
            "text": "debts"
        }]
    }, {
        "id": 47,
        "text": "714,498",
        "box": [1260.00, 870.00, 1440.00, 900.00],
        "label": "answer",
        "words": [{
            "box": [1260.00, 870.00, 1440.00, 900.00],
            "text": "714,498"
        }],
        "linking": [
            [46, 47]
        ]
    }, {
        "id": 48,
        "text": "16 Rents",
        "box": [138.00, 906.00, 252.00, 928.00],
        "linking": [
            [48, 49]
        ],
        "label": "question",
        "words": [{
            "box": [138.00, 906.00, 166.00, 928.00],
            "text": "16"
        }, {
            "box": [196.00, 906.00, 252.00, 928.00],
            "text": "Rents"
        }]
    }, {
        "id": 49,
        "text": "1,431,275",
        "box": [1260.00, 900.00, 1440.00, 930.00],
        "label": "answer",
        "words": [{
            "box": [1260.00, 900.00, 1440.00, 930.00],
            "text": "1,431,275"
        }],
        "linking": [
            [48, 49]
        ]
    }, {
        "id": 50,
        "text": "17 Taxes and licenses",
        "box": [138.00, 936.00, 370.00, 960.00],
        "linking": [
            [50, 51]
        ],
        "label": "question",
        "words": [{
            "box": [138.00, 936.00, 164.00, 960.00],
            "text": "17"
        }, {
            "box": [194.00, 936.00, 254.00, 960.00],
            "text": "Taxes"
        }, {
            "box": [254.00, 936.00, 294.00, 960.00],
            "text": "and"
        }, {
            "box": [294.00, 936.00, 370.00, 960.00],
            "text": "licenses"
        }]
    }, {
        "id": 51,
        "text": "15,920,072",
        "box": [1260.00, 930.00, 1440.00, 960.00],
        "label": "answer",
        "words": [{
            "box": [1260.00, 930.00, 1440.00, 960.00],
            "text": "15,920,072"
        }],
        "linking": [
            [50, 51]
        ]
    }, {
        "id": 52,
        "text": "18 Interest (see instructions)",
        "box": [138.00, 966.00, 424.00, 992.00],
        "linking": [
            [52, 53]
        ],
        "label": "question",
        "words": [{
            "box": [138.00, 966.00, 164.00, 992.00],
            "text": "18"
        }, {
            "box": [196.00, 966.00, 268.00, 992.00],
            "text": "Interest"
        }, {
            "box": [268.00, 966.00, 310.00, 992.00],
            "text": "(see"
        }, {
            "box": [310.00, 966.00, 424.00, 992.00],
            "text": "instructions)"
        }]
    }, {
        "id": 53,
        "text": "5,009,234",
        "box": [1260.00, 960.00, 1440.00, 990.00],
        "label": "answer",
        "words": [{
            "box": [1260.00, 960.00, 1440.00, 990.00],
            "text": "5,009,234"
        }],
        "linking": [
            [52, 53]
        ]
    }, {
        "id": 54,
        "text": "19 Charitable contributions",
        "box": [138.00, 996.00, 414.00, 1020.00],
        "linking": [
            [54, 55]
        ],
        "label": "question",
        "words": [{
            "box": [138.00, 996.00, 164.00, 1020.00],
            "text": "19"
        }, {
            "box": [196.00, 996.00, 292.00, 1020.00],
            "text": "Charitable"
        }, {
            "box": [292.00, 996.00, 414.00, 1020.00],
            "text": "contributions"
        }]
    }, {
        "id": 55,
        "text": "1,430,841",
        "box": [1260.00, 990.00, 1440.00, 1020.00],
        "label": "answer",
        "words": [{
            "box": [1260.00, 990.00, 1440.00, 1020.00],
            "text": "1,430,841"
        }],
        "linking": [
            [54, 55]
        ]
    }, {
        "id": 56,
        "text": "20 Depreciation from Form 4562 not claimed on Form 1125-A or elsewhere on return (attach Form 4562)",
        "box": [138.00, 1026.00, 1106.00, 1052.00],
        "linking": [
            [56, 57]
        ],
        "label": "question",
        "words": [{
            "box": [138.00, 1026.00, 164.00, 1052.00],
            "text": "20"
        }, {
            "box": [196.00, 1026.00, 314.00, 1052.00],
            "text": "Depreciation"
        }, {
            "box": [314.00, 1026.00, 360.00, 1052.00],
            "text": "from"
        }, {
            "box": [360.00, 1026.00, 412.00, 1052.00],
            "text": "Form"
        }, {
            "box": [412.00, 1026.00, 464.00, 1052.00],
            "text": "4562"
        }, {
            "box": [464.00, 1026.00, 498.00, 1052.00],
            "text": "not"
        }, {
            "box": [498.00, 1026.00, 574.00, 1052.00],
            "text": "claimed"
        }, {
            "box": [574.00, 1026.00, 602.00, 1052.00],
            "text": "on"
        }, {
            "box": [602.00, 1026.00, 654.00, 1052.00],
            "text": "Form"
        }, {
            "box": [654.00, 1026.00, 726.00, 1052.00],
            "text": "1125-A"
        }, {
            "box": [726.00, 1026.00, 748.00, 1052.00],
            "text": "or"
        }, {
            "box": [748.00, 1026.00, 844.00, 1052.00],
            "text": "elsewhere"
        }, {
            "box": [844.00, 1026.00, 872.00, 1052.00],
            "text": "on"
        }, {
            "box": [872.00, 1026.00, 930.00, 1052.00],
            "text": "return"
        }, {
            "box": [930.00, 1026.00, 998.00, 1052.00],
            "text": "(attach"
        }, {
            "box": [998.00, 1026.00, 1050.00, 1052.00],
            "text": "Form"
        }, {
            "box": [1050.00, 1026.00, 1106.00, 1052.00],
            "text": "4562"
        }]
    }, {
        "id": 57,
        "text": "5,722,587",
        "box": [1260.00, 1020.00, 1440.00, 1050.00],
        "label": "answer",
        "words": [{
            "box": [1260.00, 1020.00, 1440.00, 1050.00],
            "text": "5,722,587"
        }],
        "linking": [
            [56, 57]
        ]
    }, {
        "id": 58,
        "text": "21 Depletion",
        "box": [138.00, 1056.00, 286.00, 1082.00],
        "linking": [
            [58, 59]
        ],
        "label": "question",
        "words": [{
            "box": [138.00, 1056.00, 164.00, 1082.00],
            "text": "21"
        }, {
            "box": [196.00, 1056.00, 286.00, 1082.00],
            "text": "Depletion"
        }]
    }, {
        "id": 59,
        "text": "715,230",
        "box": [1260.00, 1050.00, 1440.00, 1080.00],
        "label": "answer",
        "words": [{
            "box": [1260.00, 1050.00, 1440.00, 1080.00],
            "text": "715,230"
        }],
        "linking": [
            [58, 59]
        ]
    }, {
        "id": 60,
        "text": "22 Advertising",
        "box": [138.00, 1086.00, 302.00, 1112.00],
        "linking": [
            [60, 61]
        ],
        "label": "question",
        "words": [{
            "box": [138.00, 1086.00, 164.00, 1112.00],
            "text": "22"
        }, {
            "box": [196.00, 1086.00, 302.00, 1112.00],
            "text": "Advertising"
        }]
    }, {
        "id": 61,
        "text": "715,079",
        "box": [1260.00, 1080.00, 1440.00, 1110.00],
        "label": "answer",
        "words": [{
            "box": [1260.00, 1080.00, 1440.00, 1110.00],
            "text": "715,079"
        }],
        "linking": [
            [60, 61]
        ]
    }, {
        "id": 62,
        "text": "23 Pension, profit-sharing, etc., plans",
        "box": [138.00, 1116.00, 508.00, 1142.00],
        "linking": [
            [62, 63]
        ],
        "label": "question",
        "words": [{
            "box": [138.00, 1116.00, 164.00, 1142.00],
            "text": "23"
        }, {
            "box": [196.00, 1116.00, 278.00, 1142.00],
            "text": "Pension,"
        }, {
            "box": [278.00, 1116.00, 408.00, 1142.00],
            "text": "profit-sharing,"
        }, {
            "box": [408.00, 1116.00, 454.00, 1142.00],
            "text": "etc.,"
        }, {
            "box": [454.00, 1116.00, 508.00, 1142.00],
            "text": "plans"
        }]
    }, {
        "id": 63,
        "text": "1,429,946",
        "box": [1260.00, 1110.00, 1440.00, 1140.00],
        "label": "answer",
        "words": [{
            "box": [1260.00, 1110.00, 1440.00, 1140.00],
            "text": "1,429,946"
        }],
        "linking": [
            [62, 63]
        ]
    }, {
        "id": 64,
        "text": "24 Employee benefit programs",
        "box": [138.00, 1146.00, 446.00, 1172.00],
        "linking": [
            [64, 65]
        ],
        "label": "question",
        "words": [{
            "box": [138.00, 1146.00, 164.00, 1172.00],
            "text": "24"
        }, {
            "box": [196.00, 1146.00, 290.00, 1172.00],
            "text": "Employee"
        }, {
            "box": [290.00, 1146.00, 356.00, 1172.00],
            "text": "benefit"
        }, {
            "box": [356.00, 1146.00, 446.00, 1172.00],
            "text": "programs"
        }]
    }, {
        "id": 65,
        "text": "1,429,587",
        "box": [1260.00, 1140.00, 1440.00, 1170.00],
        "label": "answer",
        "words": [{
            "box": [1260.00, 1140.00, 1440.00, 1170.00],
            "text": "1,429,587"
        }],
        "linking": [
            [64, 65]
        ]
    }, {
        "id": 66,
        "text": "26 Other deductions (attach statement)",
        "box": [138.00, 1206.00, 522.00, 1232.00],
        "linking": [
            [66, 67]
        ],
        "label": "question",
        "words": [{
            "box": [138.00, 1206.00, 164.00, 1232.00],
            "text": "26"
        }, {
            "box": [196.00, 1206.00, 252.00, 1232.00],
            "text": "Other"
        }, {
            "box": [252.00, 1206.00, 356.00, 1232.00],
            "text": "deductions"
        }, {
            "box": [356.00, 1206.00, 422.00, 1232.00],
            "text": "(attach"
        }, {
            "box": [422.00, 1206.00, 522.00, 1232.00],
            "text": "statement)"
        }]
    }, {
        "id": 67,
        "text": "43,432,445",
        "box": [1260.00, 1200.00, 1440.00, 1230.00],
        "label": "answer",
        "words": [{
            "box": [1260.00, 1200.00, 1440.00, 1230.00],
            "text": "43,432,445"
        }],
        "linking": [
            [66, 67]
        ]
    }, {
        "id": 68,
        "text": "27 Total deductions. Add lines 12 through 26",
        "box": [138.00, 1236.00, 592.00, 1262.00],
        "linking": [
            [68, 69]
        ],
        "label": "question",
        "words": [{
            "box": [138.00, 1236.00, 164.00, 1262.00],
            "text": "27"
        }, {
            "box": [196.00, 1236.00, 250.00, 1262.00],
            "text": "Total"
        }, {
            "box": [250.00, 1236.00, 368.00, 1262.00],
            "text": "deductions."
        }, {
            "box": [368.00, 1236.00, 416.00, 1262.00],
            "text": "Add"
        }, {
            "box": [416.00, 1236.00, 462.00, 1262.00],
            "text": "lines"
        }, {
            "box": [462.00, 1236.00, 488.00, 1262.00],
            "text": "12"
        }, {
            "box": [488.00, 1236.00, 562.00, 1262.00],
            "text": "through"
        }, {
            "box": [562.00, 1236.00, 592.00, 1262.00],
            "text": "26"
        }]
    }, {
        "id": 69,
        "text": "78,298,130",
        "box": [1260.00, 1230.00, 1440.00, 1260.00],
        "label": "answer",
        "words": [{
            "box": [1260.00, 1230.00, 1440.00, 1260.00],
            "text": "78,298,130"
        }],
        "linking": [
            [68, 69]
        ]
    }, {
        "id": 70,
        "text": "28 Taxable income before net operating loss deduction and special deductions. Subtract line 27 from line 11",
        "box": [138.00, 1266.00, 1140.00, 1292.00],
        "linking": [
            [70, 71]
        ],
        "label": "question",
        "words": [{
            "box": [138.00, 1266.00, 164.00, 1292.00],
            "text": "28"
        }, {
            "box": [226.00, 1266.00, 272.00, 1292.00],
            "text": "Taxable"
        }, {
            "box": [272.00, 1266.00, 342.00, 1292.00],
            "text": "income"
        }, {
            "box": [342.00, 1266.00, 406.00, 1292.00],
            "text": "before"
        }, {
            "box": [406.00, 1266.00, 440.00, 1292.00],
            "text": "net"
        }, {
            "box": [440.00, 1266.00, 530.00, 1292.00],
            "text": "operating"
        }, {
            "box": [530.00, 1266.00, 572.00, 1292.00],
            "text": "loss"
        }, {
            "box": [572.00, 1266.00, 666.00, 1292.00],
            "text": "deduction"
        }, {
            "box": [666.00, 1266.00, 706.00, 1292.00],
            "text": "and"
        }, {
            "box": [706.00, 1266.00, 774.00, 1292.00],
            "text": "special"
        }, {
            "box": [774.00, 1266.00, 886.00, 1292.00],
            "text": "deductions."
        }, {
            "box": [886.00, 1266.00, 968.00, 1292.00],
            "text": "Subtract"
        }, {
            "box": [968.00, 1266.00, 1002.00, 1292.00],
            "text": "line"
        }, {
            "box": [1002.00, 1266.00, 1032.00, 1292.00],
            "text": "27"
        }, {
            "box": [1032.00, 1266.00, 1078.00, 1292.00],
            "text": "from"
        }, {
            "box": [1078.00, 1266.00, 1116.00, 1292.00],
            "text": "line"
        }, {
            "box": [1116.00, 1266.00, 1140.00, 1292.00],
            "text": "11"
        }]
    }, {
        "id": 71,
        "text": "-4,128,140",
        "box": [1260.00, 1260.00, 1440.00, 1290.00],
        "label": "answer",
        "words": [{
            "box": [1260.00, 1260.00, 1440.00, 1290.00],
            "text": "-4,128,140"
        }],
        "linking": [
            [70, 71]
        ]
    }, {
        "id": 72,
        "text": "29a Net operating loss deduction (see instructions)",
        "box": [138.00, 1296.00, 618.00, 1320.00],
        "linking": [
            [72, 73]
        ],
        "label": "question",
        "words": [{
            "box": [138.00, 1296.00, 178.00, 1320.00],
            "text": "29a"
        }, {
            "box": [226.00, 1296.00, 234.00, 1320.00],
            "text": "Net"
        }, {
            "box": [234.00, 1296.00, 324.00, 1320.00],
            "text": "operating"
        }, {
            "box": [324.00, 1296.00, 366.00, 1320.00],
            "text": "loss"
        }, {
            "box": [366.00, 1296.00, 460.00, 1320.00],
            "text": "deduction"
        }, {
            "box": [460.00, 1296.00, 502.00, 1320.00],
            "text": "(see"
        }, {
            "box": [502.00, 1296.00, 618.00, 1320.00],
            "text": "instructions)"
        }]
    }, {
        "id": 73,
        "text": "-9,591,205",
        "box": [1026.00, 1290.00, 1206.00, 1320.00],
        "label": "answer",
        "words": [{
            "box": [1026.00, 1290.00, 1206.00, 1320.00],
            "text": "-9,591,205"
        }],
        "linking": [
            [72, 73]
        ]
    }, {
        "id": 74,
        "text": "b Special deductions (Schedule C, line 24)",
        "box": [156.00, 1326.00, 560.00, 1350.00],
        "linking": [
            [74, 75]
        ],
        "label": "question",
        "words": [{
            "box": [156.00, 1326.00, 180.00, 1350.00],
            "text": "b"
        }, {
            "box": [194.00, 1326.00, 268.00, 1350.00],
            "text": "Special"
        }, {
            "box": [268.00, 1326.00, 372.00, 1350.00],
            "text": "deductions"
        }, {
            "box": [372.00, 1326.00, 466.00, 1350.00],
            "text": "(Schedule"
        }, {
            "box": [466.00, 1326.00, 492.00, 1350.00],
            "text": "C,"
        }, {
            "box": [492.00, 1326.00, 528.00, 1350.00],
            "text": "line"
        }, {
            "box": [528.00, 1326.00, 560.00, 1350.00],
            "text": "24)"
        }]
    }, {
        "id": 75,
        "text": "9,867,833",
        "box": [1026.00, 1320.00, 1206.00, 1350.00],
        "label": "answer",
        "words": [{
            "box": [1026.00, 1320.00, 1206.00, 1350.00],
            "text": "9,867,833"
        }],
        "linking": [
            [74, 75]
        ]
    }, {
        "id": 76,
        "text": "c Add lines 29a and 29b",
        "box": [156.00, 1356.00, 402.00, 1378.00],
        "linking": [
            [76, 77]
        ],
        "label": "question",
        "words": [{
            "box": [156.00, 1356.00, 180.00, 1378.00],
            "text": "c"
        }, {
            "box": [194.00, 1356.00, 238.00, 1378.00],
            "text": "Add"
        }, {
            "box": [238.00, 1356.00, 284.00, 1378.00],
            "text": "lines"
        }, {
            "box": [284.00, 1356.00, 322.00, 1378.00],
            "text": "29a"
        }, {
            "box": [322.00, 1356.00, 362.00, 1378.00],
            "text": "and"
        }, {
            "box": [362.00, 1356.00, 402.00, 1378.00],
            "text": "29b"
        }]
    }, {
        "id": 77,
        "text": "2,346,628",
        "box": [1260.00, 1350.00, 1442.00, 1380.00],
        "label": "answer",
        "words": [{
            "box": [1260.00, 1350.00, 1442.00, 1380.00],
            "text": "2,346,628"
        }],
        "linking": [
            [76, 77]
        ]
    }, {
        "id": 78,
        "text": "30 Taxable income. Subtract line 29c from line 28. See instructions",
        "box": [136.00, 1384.00, 786.00, 1410.00],
        "linking": [
            [78, 79]
        ],
        "label": "question",
        "words": [{
            "box": [136.00, 1384.00, 166.00, 1410.00],
            "text": "30"
        }, {
            "box": [166.00, 1384.00, 276.00, 1410.00],
            "text": "Taxable"
        }, {
            "box": [276.00, 1384.00, 360.00, 1410.00],
            "text": "income."
        }, {
            "box": [360.00, 1384.00, 446.00, 1410.00],
            "text": "Subtract"
        }, {
            "box": [446.00, 1384.00, 482.00, 1410.00],
            "text": "line"
        }, {
            "box": [482.00, 1384.00, 522.00, 1410.00],
            "text": "29c"
        }, {
            "box": [522.00, 1384.00, 568.00, 1410.00],
            "text": "from"
        }, {
            "box": [568.00, 1384.00, 604.00, 1410.00],
            "text": "line"
        }, {
            "box": [604.00, 1384.00, 636.00, 1410.00],
            "text": "28."
        }, {
            "box": [636.00, 1384.00, 676.00, 1410.00],
            "text": "See"
        }, {
            "box": [676.00, 1384.00, 786.00, 1410.00],
            "text": "instructions"
        }]
    }, {
        "id": 79,
        "text": "-6,454,768",
        "box": [1260.00, 1380.00, 1442.00, 1410.00],
        "label": "answer",
        "words": [{
            "box": [1260.00, 1380.00, 1442.00, 1410.00],
            "text": "-6,454,768"
        }],
        "linking": [
            [78, 79]
        ]
    }, {
        "id": 80,
        "text": "33 Total payments, credits, and section 965 net tax liability (Schedule J, Part III, line 23)",
        "box": [136.00, 1476.00, 954.00, 1502.00],
        "linking": [
            [80, 81]
        ],
        "label": "question",
        "words": [{
            "box": [136.00, 1476.00, 168.00, 1502.00],
            "text": "33"
        }, {
            "box": [192.00, 1476.00, 246.00, 1502.00],
            "text": "Total"
        }, {
            "box": [246.00, 1476.00, 346.00, 1502.00],
            "text": "payments,"
        }, {
            "box": [346.00, 1476.00, 416.00, 1502.00],
            "text": "credits,"
        }, {
            "box": [416.00, 1476.00, 456.00, 1502.00],
            "text": "and"
        }, {
            "box": [456.00, 1476.00, 526.00, 1502.00],
            "text": "section"
        }, {
            "box": [526.00, 1476.00, 564.00, 1502.00],
            "text": "965"
        }, {
            "box": [564.00, 1476.00, 600.00, 1502.00],
            "text": "net"
        }, {
            "box": [600.00, 1476.00, 632.00, 1502.00],
            "text": "tax"
        }, {
            "box": [632.00, 1476.00, 698.00, 1502.00],
            "text": "liability"
        }, {
            "box": [698.00, 1476.00, 794.00, 1502.00],
            "text": "(Schedule"
        }, {
            "box": [794.00, 1476.00, 814.00, 1502.00],
            "text": "J,"
        }, {
            "box": [814.00, 1476.00, 858.00, 1502.00],
            "text": "Part"
        }, {
            "box": [858.00, 1476.00, 882.00, 1502.00],
            "text": "III,"
        }, {
            "box": [882.00, 1476.00, 920.00, 1502.00],
            "text": "line"
        }, {
            "box": [920.00, 1476.00, 954.00, 1502.00],
            "text": "23)"
        }]
    }, {
        "id": 81,
        "text": "6,643,800",
        "box": [1260.00, 1472.00, 1440.00, 1500.00],
        "label": "answer",
        "words": [{
            "box": [1260.00, 1472.00, 1440.00, 1500.00],
            "text": "6,643,800"
        }],
        "linking": [
            [80, 81]
        ]
    }, {
        "id": 82,
        "text": "36 Overpayment. If line 33 is larger than the total of lines 31, 32, and 34, enter amount overpaid",
        "box": [136.00, 1566.00, 1038.00, 1592.00],
        "linking": [
            [82, 83]
        ],
        "label": "question",
        "words": [{
            "box": [136.00, 1566.00, 166.00, 1592.00],
            "text": "36"
        }, {
            "box": [194.00, 1566.00, 336.00, 1592.00],
            "text": "Overpayment."
        }, {
            "box": [336.00, 1566.00, 356.00, 1592.00],
            "text": "If"
        }, {
            "box": [356.00, 1566.00, 394.00, 1592.00],
            "text": "line"
        }, {
            "box": [394.00, 1566.00, 420.00, 1592.00],
            "text": "33"
        }, {
            "box": [420.00, 1566.00, 442.00, 1592.00],
            "text": "is"
        }, {
            "box": [442.00, 1566.00, 496.00, 1592.00],
            "text": "larger"
        }, {
            "box": [496.00, 1566.00, 542.00, 1592.00],
            "text": "than"
        }, {
            "box": [542.00, 1566.00, 576.00, 1592.00],
            "text": "the"
        }, {
            "box": [576.00, 1566.00, 620.00, 1592.00],
            "text": "total"
        }, {
            "box": [620.00, 1566.00, 644.00, 1592.00],
            "text": "of"
        }, {
            "box": [644.00, 1566.00, 690.00, 1592.00],
            "text": "lines"
        }, {
            "box": [690.00, 1566.00, 724.00, 1592.00],
            "text": "31,"
        }, {
            "box": [724.00, 1566.00, 756.00, 1592.00],
            "text": "32,"
        }, {
            "box": [756.00, 1566.00, 796.00, 1592.00],
            "text": "and"
        }, {
            "box": [796.00, 1566.00, 828.00, 1592.00],
            "text": "34,"
        }, {
            "box": [828.00, 1566.00, 880.00, 1592.00],
            "text": "enter"
        }, {
            "box": [880.00, 1566.00, 954.00, 1592.00],
            "text": "amount"
        }, {
            "box": [954.00, 1566.00, 1038.00, 1592.00],
            "text": "overpaid"
        }]
    }, {
        "id": 83,
        "text": "5,643,800",
        "box": [1260.00, 1560.00, 1440.00, 1590.00],
        "label": "answer",
        "words": [{
            "box": [1260.00, 1560.00, 1440.00, 1590.00],
            "text": "5,643,800"
        }],
        "linking": [
            [82, 83]
        ]
    }, {
        "id": 84,
        "text": "May the IRS discuss this return with the preparer shown below?",
        "box": [1174.00, 1660.00, 1412.00, 1700.00],
        "linking": [
            [84, 85]
        ],
        "label": "question",
        "words": [{
            "box": [1174.00, 1660.00, 1210.00, 1680.00],
            "text": "May"
        }, {
            "box": [1210.00, 1660.00, 1240.00, 1680.00],
            "text": "the"
        }, {
            "box": [1240.00, 1660.00, 1268.00, 1680.00],
            "text": "IRS"
        }, {
            "box": [1268.00, 1660.00, 1330.00, 1680.00],
            "text": "discuss"
        }, {
            "box": [1330.00, 1660.00, 1360.00, 1680.00],
            "text": "this"
        }, {
            "box": [1360.00, 1660.00, 1406.00, 1680.00],
            "text": "return"
        }, {
            "box": [1174.00, 1680.00, 1210.00, 1700.00],
            "text": "with"
        }, {
            "box": [1210.00, 1680.00, 1238.00, 1700.00],
            "text": "the"
        }, {
            "box": [1238.00, 1680.00, 1304.00, 1700.00],
            "text": "preparer"
        }, {
            "box": [1304.00, 1680.00, 1358.00, 1700.00],
            "text": "shown"
        }, {
            "box": [1358.00, 1680.00, 1412.00, 1700.00],
            "text": "below"
        }]
    }, {
        "id": 85,
        "text": "Yes",
        "box": [1308.00, 1698.00, 1374.00, 1724.00],
        "label": "answer",
        "words": [{
            "box": [1308.00, 1698.00, 1374.00, 1724.00],
            "text": "Yes"
        }],
        "linking": [
            [84, 85]
        ]
    }, {
        "id": 86,
        "text": "Print/Type preparer's name",
        "box": [214.00, 1740.00, 444.00, 1764.00],
        "linking": [
            [86, 87]
        ],
        "label": "question",
        "words": [{
            "box": [214.00, 1740.00, 310.00, 1764.00],
            "text": "Print/Type"
        }, {
            "box": [310.00, 1740.00, 396.00, 1764.00],
            "text": "preparer's"
        }, {
            "box": [396.00, 1740.00, 444.00, 1764.00],
            "text": "name"
        }]
    }, {
        "id": 87,
        "text": "Hiren raval 1",
        "box": [222.00, 1774.00, 342.00, 1798.00],
        "label": "answer",
        "words": [{
            "box": [222.00, 1774.00, 278.00, 1798.00],
            "text": "Hiren"
        }, {
            "box": [278.00, 1774.00, 326.00, 1798.00],
            "text": "raval"
        }, {
            "box": [326.00, 1774.00, 342.00, 1798.00],
            "text": "1"
        }],
        "linking": [
            [86, 87]
        ]
    }, {
        "id": 88,
        "text": "PTIN",
        "box": [1260.00, 1740.00, 1312.00, 1762.00],
        "linking": [
            [88, 89]
        ],
        "label": "question",
        "words": [{
            "box": [1260.00, 1740.00, 1312.00, 1762.00],
            "text": "PTIN"
        }]
    }, {
        "id": 89,
        "text": "P99349999",
        "box": [1270.00, 1770.00, 1382.00, 1796.00],
        "label": "answer",
        "words": [{
            "box": [1270.00, 1770.00, 1382.00, 1796.00],
            "text": "P99349999"
        }],
        "linking": [
            [88, 89]
        ]
    }, {
        "id": 90,
        "text": "Firm's name",
        "box": [220.00, 1804.00, 326.00, 1828.00],
        "linking": [
            [90, 91]
        ],
        "label": "question",
        "words": [{
            "box": [220.00, 1804.00, 276.00, 1828.00],
            "text": "Firm's"
        }, {
            "box": [276.00, 1804.00, 326.00, 1828.00],
            "text": "name"
        }]
    }, {
        "id": 91,
        "text": "Hiren Raval AZ",
        "box": [370.00, 1804.00, 514.00, 1826.00],
        "label": "answer",
        "words": [{
            "box": [370.00, 1804.00, 424.00, 1826.00],
            "text": "Hiren"
        }, {
            "box": [424.00, 1804.00, 482.00, 1826.00],
            "text": "Raval"
        }, {
            "box": [482.00, 1804.00, 514.00, 1826.00],
            "text": "AZ"
        }],
        "linking": [
            [90, 91]
        ]
    }, {
        "id": 92,
        "text": "Firm's address",
        "box": [220.00, 1836.00, 344.00, 1860.00],
        "linking": [
            [92, 93]
        ],
        "label": "question",
        "words": [{
            "box": [220.00, 1836.00, 276.00, 1860.00],
            "text": "Firm's"
        }, {
            "box": [276.00, 1836.00, 344.00, 1860.00],
            "text": "address"
        }]
    }, {
        "id": 93,
        "text": "AZZR Pvt Adrress 1, AZZR Pvt Adrress 22, Mmmmm, New Puri 99999999",
        "box": [372.00, 1832.00, 1036.00, 1858.00],
        "label": "answer",
        "words": [{
            "box": [372.00, 1832.00, 430.00, 1858.00],
            "text": "AZZR"
        }, {
            "box": [430.00, 1832.00, 464.00, 1858.00],
            "text": "Pvt"
        }, {
            "box": [464.00, 1832.00, 540.00, 1858.00],
            "text": "Adrress"
        }, {
            "box": [540.00, 1832.00, 560.00, 1858.00],
            "text": "1,"
        }, {
            "box": [560.00, 1832.00, 620.00, 1858.00],
            "text": "AZZR"
        }, {
            "box": [620.00, 1832.00, 654.00, 1858.00],
            "text": "Pvt"
        }, {
            "box": [654.00, 1832.00, 728.00, 1858.00],
            "text": "Adrress"
        }, {
            "box": [728.00, 1832.00, 760.00, 1858.00],
            "text": "22,"
        }, {
            "box": [760.00, 1832.00, 856.00, 1858.00],
            "text": "Mmmmm,"
        }, {
            "box": [856.00, 1832.00, 900.00, 1858.00],
            "text": "New"
        }, {
            "box": [900.00, 1832.00, 944.00, 1858.00],
            "text": "Puri"
        }, {
            "box": [944.00, 1832.00, 1036.00, 1858.00],
            "text": "99999999"
        }],
        "linking": [
            [92, 93]
        ]
    }, {
        "id": 94,
        "text": "Firm's EIN",
        "box": [1086.00, 1808.00, 1172.00, 1830.00],
        "linking": [
            [94, 95]
        ],
        "label": "question",
        "words": [{
            "box": [1086.00, 1808.00, 1142.00, 1830.00],
            "text": "Firm's"
        }, {
            "box": [1142.00, 1808.00, 1172.00, 1830.00],
            "text": "EIN"
        }]
    }, {
        "id": 95,
        "text": "TEMPORARY",
        "box": [1198.00, 1802.00, 1330.00, 1828.00],
        "label": "answer",
        "words": [{
            "box": [1198.00, 1802.00, 1330.00, 1828.00],
            "text": "TEMPORARY"
        }],
        "linking": [
            [94, 95]
        ]
    }]
}