{
    "form": [{
        "id": 1,
        "text": "Form",
        "box": [86, 87, 138, 139],
        "linking": [
            [1, 2]
        ],
        "label": "question",
        "words": [{
            "box": [86, 87, 138, 139],
            "text": "Form"
        }]
    }, {
        "id": 2,
        "text": "5471",
        "box": [139, 88, 260, 138],
        "label": "answer",
        "words": [{
            "box": [139, 88, 260, 138],
            "text": "5471"
        }],
        "linking": [
            [1, 2]
        ]
    }, {
        "id": 3,
        "text": "OMB No.",
        "box": [1247, 119, 1325, 148],
        "label": "question",
        "words": [{
            "box": [1247, 119, 1292, 147],
            "text": "OMB"
        }, {
            "box": [1292, 120, 1325, 148],
            "text": "No."
        }],
        "linking": [
            [3, 4]
        ]
    }, {
        "id": 4,
        "text": "4665-0123",
        "box": [1325, 119, 1411, 148],
        "label": "answer",
        "words": [{
            "box": [1325, 119, 1411, 148],
            "text": "4665-0123"
        }],
        "linking": [
            [3, 4]
        ]
    }, {
        "id": 5,
        "text": "Attachment Sequence No.",
        "box": [1249, 204, 1363, 248],
        "linking": [
            [5, 6]
        ],
        "label": "question",
        "words": [{
            "box": [1249, 204, 1349, 228],
            "text": "Attachment"
        }, {
            "box": [1249, 227, 1333, 248],
            "text": "Sequence"
        }, {
            "box": [1333, 226, 1363, 248],
            "text": "No."
        }]
    }, {
        "id": 6,
        "text": "121",
        "box": [1370, 224, 1416, 248],
        "label": "answer",
        "words": [{
            "box": [1370, 224, 1416, 248],
            "text": "121"
        }],
        "linking": [
            [5, 6]
        ]
    }, {
        "id": 7,
        "text": "Name of person filing this return",
        "box": [89, 270, 344, 297],
        "linking": [
            [7, 8]
        ],
        "label": "question",
        "words": [{
            "box": [89, 270, 138, 297],
            "text": "Name"
        }, {
            "box": [137, 270, 158, 297],
            "text": "of"
        }, {
            "box": [158, 270, 217, 297],
            "text": "person"
        }, {
            "box": [217, 270, 259, 297],
            "text": "filing"
        }, {
            "box": [258, 270, 291, 297],
            "text": "this"
        }, {
            "box": [291, 270, 344, 297],
            "text": "return"
        }]
    }, {
        "id": 8,
        "text": "Long Name 1 ABC-SS-SSD--44441, Long Name 2 ABC-SS-SSD--44441",
        "box": [88, 300, 741, 326],
        "label": "answer",
        "words": [{
            "box": [88, 300, 137, 326],
            "text": "Long"
        }, {
            "box": [138, 300, 196, 326],
            "text": "Name"
        }, {
            "box": [196, 300, 214, 326],
            "text": "1"
        }, {
            "box": [212, 300, 415, 326],
            "text": "ABC-SS-SSD--44441,"
        }, {
            "box": [417, 300, 464, 326],
            "text": "Long"
        }, {
            "box": [465, 300, 524, 326],
            "text": "Name"
        }, {
            "box": [523, 300, 541, 326],
            "text": "2"
        }, {
            "box": [541, 300, 741, 326],
            "text": "ABC-SS-SSD--44441"
        }],
        "linking": [
            [7, 8]
        ]
    }, {
        "id": 9,
        "text": "A Identifying number",
        "box": [850, 271, 1033, 296],
        "linking": [
            [9, 10]
        ],
        "label": "question",
        "words": [{
            "box": [850, 271, 871, 296],
            "text": "A"
        }, {
            "box": [871, 271, 961, 296],
            "text": "Identifying"
        }, {
            "box": [962, 271, 1033, 296],
            "text": "number"
        }]
    }, {
        "id": 10,
        "text": "TEMPORARY",
        "box": [851, 300, 984, 328],
        "label": "answer",
        "words": [{
            "box": [851, 300, 984, 328],
            "text": "TEMPORARY"
        }],
        "linking": [
            [9, 10]
        ]
    }, {
        "id": 11,
        "text": "Number, street, and room or suite no. (or P.O. box number if mail is not delivered to street address)",
        "box": [89, 332, 792, 355],
        "linking": [
            [11, 12]
        ],
        "label": "question",
        "words": [{
            "box": [89, 332, 155, 355],
            "text": "Number,"
        }, {
            "box": [155, 332, 202, 355],
            "text": "street,"
        }, {
            "box": [202, 332, 234, 355],
            "text": "and"
        }, {
            "box": [234, 332, 277, 355],
            "text": "room"
        }, {
            "box": [277, 332, 294, 355],
            "text": "or"
        }, {
            "box": [294, 332, 332, 355],
            "text": "suite"
        }, {
            "box": [332, 332, 358, 355],
            "text": "no."
        }, {
            "box": [358, 332, 380, 355],
            "text": "(or"
        }, {
            "box": [380, 332, 416, 355],
            "text": "P.O."
        }, {
            "box": [416, 332, 448, 355],
            "text": "box"
        }, {
            "box": [448, 332, 506, 355],
            "text": "number"
        }, {
            "box": [506, 332, 518, 355],
            "text": "if"
        }, {
            "box": [518, 332, 552, 355],
            "text": "mail"
        }, {
            "box": [552, 332, 568, 355],
            "text": "is"
        }, {
            "box": [568, 332, 594, 355],
            "text": "not"
        }, {
            "box": [594, 332, 664, 355],
            "text": "delivered"
        }, {
            "box": [664, 332, 680, 355],
            "text": "to"
        }, {
            "box": [680, 332, 726, 355],
            "text": "street"
        }, {
            "box": [726, 332, 792, 355],
            "text": "address"
        }]
    }, {
        "id": 12,
        "text": "Address Line 1 ABC-SS-SSD--44441, Address Line 2 ABC-SS-SSD--44441",
        "box": [88, 358, 766, 380],
        "label": "answer",
        "words": [{
            "box": [88, 358, 168, 380],
            "text": "Address"
        }, {
            "box": [168, 358, 214, 380],
            "text": "Line"
        }, {
            "box": [214, 358, 228, 380],
            "text": "1"
        }, {
            "box": [228, 358, 430, 380],
            "text": "ABC-SS-SSD--44441,"
        }, {
            "box": [430, 358, 510, 380],
            "text": "Address"
        }, {
            "box": [510, 358, 554, 380],
            "text": "Line"
        }, {
            "box": [554, 358, 570, 380],
            "text": "2"
        }, {
            "box": [570, 358, 766, 380],
            "text": "ABC-SS-SSD--44441"
        }],
        "linking": [
            [11, 12]
        ]
    }, {
        "id": 13,
        "text": "City or town, state, and ZIP code",
        "box": [90, 392, 356, 416],
        "linking": [
            [13, 14]
        ],
        "label": "question",
        "words": [{
            "box": [90, 392, 124, 416],
            "text": "City"
        }, {
            "box": [124, 392, 146, 416],
            "text": "or"
        }, {
            "box": [146, 392, 196, 416],
            "text": "town,"
        }, {
            "box": [196, 392, 244, 416],
            "text": "state,"
        }, {
            "box": [244, 392, 278, 416],
            "text": "and"
        }, {
            "box": [278, 392, 310, 416],
            "text": "ZIP"
        }, {
            "box": [310, 392, 356, 416],
            "text": "code"
        }]
    }, {
        "id": 14,
        "text": "New nagar, DC 36345-3693",
        "box": [88, 422, 344, 446],
        "label": "answer",
        "words": [{
            "box": [88, 422, 134, 446],
            "text": "New"
        }, {
            "box": [134, 422, 196, 446],
            "text": "nagar,"
        }, {
            "box": [196, 422, 234, 446],
            "text": "DC"
        }, {
            "box": [234, 422, 344, 446],
            "text": "36345-3693"
        }],
        "linking": [
            [13, 14]
        ]
    }, {
        "id": 15,
        "text": "C Enter the total percentage of the foreign corporation's voting stock you owned at the end of its annual accounting period",
        "box": [852, 396, 1350, 446],
        "linking": [
            [15, 16]
        ],
        "label": "question",
        "words": [{
            "box": [852, 396, 872, 420],
            "text": "C"
        }, {
            "box": [872, 396, 918, 420],
            "text": "Enter"
        }, {
            "box": [918, 396, 948, 420],
            "text": "the"
        }, {
            "box": [948, 396, 988, 420],
            "text": "total"
        }, {
            "box": [988, 396, 1080, 420],
            "text": "percentage"
        }, {
            "box": [1080, 396, 1100, 420],
            "text": "of"
        }, {
            "box": [1100, 396, 1130, 420],
            "text": "the"
        }, {
            "box": [1130, 396, 1188, 420],
            "text": "foreign"
        }, {
            "box": [1188, 396, 1298, 420],
            "text": "corporation's"
        }, {
            "box": [1298, 396, 1350, 420],
            "text": "voting"
        }, {
            "box": [872, 424, 918, 446],
            "text": "stock"
        }, {
            "box": [918, 424, 954, 446],
            "text": "you"
        }, {
            "box": [954, 424, 1012, 446],
            "text": "owned"
        }, {
            "box": [1012, 424, 1032, 446],
            "text": "at"
        }, {
            "box": [1032, 424, 1062, 446],
            "text": "the"
        }, {
            "box": [1062, 424, 1096, 446],
            "text": "end"
        }, {
            "box": [1096, 424, 1116, 446],
            "text": "of"
        }, {
            "box": [1116, 424, 1140, 446],
            "text": "its"
        }, {
            "box": [1140, 424, 1194, 446],
            "text": "annual"
        }, {
            "box": [1194, 424, 1288, 446],
            "text": "accounting"
        }, {
            "box": [1288, 424, 1344, 446],
            "text": "period"
        }]
    }, {
        "id": 16,
        "text": "1000 %",
        "box": [1348, 424, 1440, 446],
        "label": "answer",
        "words": [{
            "box": [1348, 424, 1423, 446],
            "text": "1000"
        }, {
            "box": [1423, 424, 1440, 446],
            "text": "%"
        }],
        "linking": [
            [15, 16]
        ]
    }, {
        "id": 17,
        "text": "Filer's tax year beginning",
        "box": [88, 456, 288, 476],
        "linking": [
            [17, 18]
        ],
        "label": "question",
        "words": [{
            "box": [88, 456, 140, 476],
            "text": "Filer's"
        }, {
            "box": [140, 456, 168, 476],
            "text": "tax"
        }, {
            "box": [168, 456, 206, 476],
            "text": "year"
        }, {
            "box": [206, 456, 288, 476],
            "text": "beginning"
        }]
    }, {
        "id": 18,
        "text": "January 11, 2015 ,and ending December 13 ,2015",
        "box": [300, 456, 1070, 478],
        "label": "answer",
        "words": [{
            "box": [300, 456, 378, 478],
            "text": "January"
        }, {
            "box": [378, 456, 404, 478],
            "text": "11,"
        }, {
            "box": [558, 456, 618, 478],
            "text": "2015"
        }, {
            "box": [632, 456, 676, 478],
            "text": ",and"
        }, {
            "box": [676, 456, 734, 478],
            "text": "ending"
        }, {
            "box": [744, 456, 842, 478],
            "text": "December"
        }, {
            "box": [842, 456, 870, 478],
            "text": "13"
        }, {
            "box": [1008, 456, 1070, 478],
            "text": ",2015"
        }],
        "linking": [
            [17, 18]
        ]
    }, {
        "id": 19,
        "text": "1a Name and address of foreign corporation",
        "box": [102, 816, 454, 836],
        "linking": [
            [19, 20]
        ],
        "label": "question",
        "words": [{
            "box": [102, 816, 128, 836],
            "text": "1a"
        }, {
            "box": [128, 816, 180, 836],
            "text": "Name"
        }, {
            "box": [180, 816, 214, 836],
            "text": "and"
        }, {
            "box": [214, 816, 282, 836],
            "text": "address"
        }, {
            "box": [282, 816, 302, 836],
            "text": "of"
        }, {
            "box": [302, 816, 360, 836],
            "text": "foreign"
        }, {
            "box": [360, 816, 454, 836],
            "text": "corporation"
        }]
    }, {
        "id": 20,
        "text": "Long Name 1 XYX-SS-SSD--44441, Long Name 2 XYX-SS-SSD--44441 Address Line 1  XYX-SS-SSD--44441, Address Line 2 XYX-SS-SSD--44441 Mumbai 55577 Ahmedabad",
        "box": [104, 864, 784, 950],
        "label": "answer",
        "words": [{
            "box": [104, 864, 156, 888],
            "text": "Long"
        }, {
            "box": [156, 864, 214, 888],
            "text": "Name"
        }, {
            "box": [214, 864, 228, 888],
            "text": "1"
        }, {
            "box": [228, 864, 432, 888],
            "text": "XYX-SS-SSD--44441,"
        }, {
            "box": [432, 864, 482, 888],
            "text": "Long"
        }, {
            "box": [482, 864, 542, 888],
            "text": "Name"
        }, {
            "box": [542, 864, 558, 888],
            "text": "2"
        }, {
            "box": [558, 864, 752, 888],
            "text": "XYX-SS-SSD--44441"
        }, {
            "box": [104, 896, 184, 918],
            "text": "Address"
        }, {
            "box": [184, 896, 228, 918],
            "text": "Line"
        }, {
            "box": [228, 896, 244, 918],
            "text": "1"
        }, {
            "box": [248, 896, 450, 918],
            "text": "XYX-SS-SSD--44441,"
        }, {
            "box": [450, 896, 530, 918],
            "text": "Address"
        }, {
            "box": [530, 896, 572, 918],
            "text": "Line"
        }, {
            "box": [572, 896, 590, 918],
            "text": "2"
        }, {
            "box": [590, 896, 784, 918],
            "text": "XYX-SS-SSD--44441"
        }, {
            "box": [104, 928, 182, 950],
            "text": "Mumbai"
        }, {
            "box": [182, 928, 242, 950],
            "text": "55577"
        }, {
            "box": [242, 928, 356, 950],
            "text": "Ahmedabad"
        }],
        "linking": [
            [19, 20]
        ]
    }, {
        "id": 21,
        "text": "b(1) Employer identification number, if any",
        "box": [1040, 814, 1380, 836],
        "linking": [
            [21, 22]
        ],
        "label": "question",
        "words": [{
            "box": [1040, 814, 1078, 836],
            "text": "b(1)"
        }, {
            "box": [1078, 814, 1158, 836],
            "text": "Employer"
        }, {
            "box": [1158, 814, 1262, 836],
            "text": "identification"
        }, {
            "box": [1262, 814, 1332, 836],
            "text": "number,"
        }, {
            "box": [1332, 814, 1346, 836],
            "text": "if"
        }, {
            "box": [1346, 814, 1380, 836],
            "text": "any"
        }]
    }, {
        "id": 22,
        "text": "123123442",
        "box": [1032, 844, 1138, 868],
        "label": "answer",
        "words": [{
            "box": [1032, 844, 1138, 868],
            "text": "123123442"
        }],
        "linking": [
            [21, 22]
        ]
    }, {
        "id": 23,
        "text": "b(2) Reference ID number (see instructions)",
        "box": [1040, 874, 1388, 896],
        "linking": [
            [23, 24]
        ],
        "label": "question",
        "words": [{
            "box": [1040, 874, 1080, 896],
            "text": "b(2)"
        }, {
            "box": [1080, 874, 1164, 896],
            "text": "Reference"
        }, {
            "box": [1164, 874, 1186, 896],
            "text": "ID"
        }, {
            "box": [1186, 874, 1250, 896],
            "text": "number"
        }, {
            "box": [1250, 874, 1288, 896],
            "text": "(see"
        }, {
            "box": [1288, 874, 1388, 896],
            "text": "instructions)"
        }]
    }, {
        "id": 24,
        "text": "HIRENABC00077",
        "box": [1032, 908, 1196, 928],
        "label": "answer",
        "words": [{
            "box": [1032, 908, 1196, 928],
            "text": "HIRENABC00077"
        }],
        "linking": [
            [23, 24]
        ]
    }, {
        "id": 25,
        "text": "c Country under whose laws incorporated",
        "box": [1040, 936, 1396, 954],
        "linking": [
            [25, 26]
        ],
        "label": "question",
        "words": [{
            "box": [1040, 936, 1062, 954],
            "text": "c"
        }, {
            "box": [1074, 936, 1146, 954],
            "text": "Country"
        }, {
            "box": [1146, 936, 1194, 954],
            "text": "under"
        }, {
            "box": [1194, 936, 1250, 954],
            "text": "whose"
        }, {
            "box": [1250, 936, 1290, 954],
            "text": "laws"
        }, {
            "box": [1290, 936, 1396, 954],
            "text": "incorporated"
        }]
    }, {
        "id": 26,
        "text": "HR",
        "box": [1034, 966, 1068, 986],
        "label": "answer",
        "words": [{
            "box": [1034, 966, 1068, 986],
            "text": "HR"
        }],
        "linking": [
            [25, 26]
        ]
    }, {
        "id": 27,
        "text": "d Date of incorporation",
        "box": [108, 998, 298, 1014],
        "linking": [
            [27, 28]
        ],
        "label": "question",
        "words": [{
            "box": [108, 998, 128, 1014],
            "text": "d"
        }, {
            "box": [128, 998, 170, 1014],
            "text": "Date"
        }, {
            "box": [170, 998, 190, 1014],
            "text": "of"
        }, {
            "box": [190, 998, 298, 1014],
            "text": "incorporation"
        }]
    }, {
        "id": 28,
        "text": "10/15/2001",
        "box": [88, 1056, 194, 1076],
        "label": "answer",
        "words": [{
            "box": [88, 1056, 194, 1076],
            "text": "10/15/2001"
        }],
        "linking": [
            [27, 28]
        ]
    }, {
        "id": 29,
        "text": "e Principal place of business",
        "box": [312, 996, 542, 1014],
        "linking": [
            [29, 30]
        ],
        "label": "question",
        "words": [{
            "box": [312, 996, 328, 1014],
            "text": "e"
        }, {
            "box": [328, 996, 400, 1014],
            "text": "Principal"
        }, {
            "box": [400, 996, 448, 1014],
            "text": "place"
        }, {
            "box": [448, 996, 468, 1014],
            "text": "of"
        }, {
            "box": [468, 996, 542, 1014],
            "text": "business"
        }]
    }, {
        "id": 30,
        "text": "HR",
        "box": [344, 1056, 380, 1076],
        "label": "answer",
        "words": [{
            "box": [344, 1056, 380, 1076],
            "text": "HR"
        }],
        "linking": [
            [29, 30]
        ]
    }, {
        "id": 31,
        "text": "f Principal business activity code number",
        "box": [618, 996, 836, 1036],
        "linking": [
            [31, 32]
        ],
        "label": "question",
        "words": [{
            "box": [618, 996, 630, 1014],
            "text": "f"
        }, {
            "box": [630, 996, 702, 1014],
            "text": "Principal"
        }, {
            "box": [702, 996, 778, 1014],
            "text": "business"
        }, {
            "box": [778, 996, 836, 1014],
            "text": "activity"
        }, {
            "box": [630, 1018, 674, 1036],
            "text": "code"
        }, {
            "box": [674, 1018, 740, 1036],
            "text": "number"
        }]
    }, {
        "id": 32,
        "text": "951012",
        "box": [614, 1056, 686, 1076],
        "label": "answer",
        "words": [{
            "box": [614, 1056, 686, 1076],
            "text": "951012"
        }],
        "linking": [
            [31, 32]
        ]
    }, {
        "id": 33,
        "text": "g Principal business activity",
        "box": [888, 996, 1112, 1018],
        "linking": [
            [33, 34]
        ],
        "label": "question",
        "words": [{
            "box": [888, 996, 906, 1018],
            "text": "g"
        }, {
            "box": [906, 996, 978, 1018],
            "text": "Principal"
        }, {
            "box": [978, 996, 1052, 1018],
            "text": "business"
        }, {
            "box": [1052, 996, 1112, 1018],
            "text": "activity"
        }]
    }, {
        "id": 34,
        "text": "Offices of Other Holding Companies",
        "box": [884, 1058, 1172, 1076],
        "label": "answer",
        "words": [{
            "box": [884, 1058, 946, 1076],
            "text": "Offices"
        }, {
            "box": [946, 1058, 964, 1076],
            "text": "of"
        }, {
            "box": [964, 1058, 1012, 1076],
            "text": "Other"
        }, {
            "box": [1012, 1058, 1078, 1076],
            "text": "Holding"
        }, {
            "box": [1078, 1058, 1172, 1076],
            "text": "Companies"
        }],
        "linking": [
            [33, 34]
        ]
    }, {
        "id": 35,
        "text": "h Functional currency",
        "box": [1192, 996, 1372, 1014],
        "linking": [
            [35, 36]
        ],
        "label": "question",
        "words": [{
            "box": [1192, 996, 1212, 1014],
            "text": "h"
        }, {
            "box": [1212, 996, 1298, 1014],
            "text": "Functional"
        }, {
            "box": [1298, 996, 1372, 1014],
            "text": "currency"
        }]
    }, {
        "id": 36,
        "text": "ARupees Pabc",
        "box": [1190, 1058, 1330, 1080],
        "label": "answer",
        "words": [{
            "box": [1190, 1058, 1278, 1080],
            "text": "ARupees"
        }, {
            "box": [1278, 1058, 1330, 1080],
            "text": "Pabc"
        }],
        "linking": [
            [35, 36]
        ]
    }, {
        "id": 37,
        "text": "c Name and address of foreign corporation's statutory or resident agent in country of incorporation",
        "box": [110, 1268, 762, 1308],
        "linking": [
            [37, 38]
        ],
        "label": "question",
        "words": [{
            "box": [110, 1268, 128, 1288],
            "text": "c"
        }, {
            "box": [128, 1268, 178, 1288],
            "text": "Name"
        }, {
            "box": [178, 1268, 214, 1288],
            "text": "and"
        }, {
            "box": [214, 1268, 280, 1288],
            "text": "address"
        }, {
            "box": [280, 1268, 302, 1288],
            "text": "of"
        }, {
            "box": [302, 1268, 360, 1288],
            "text": "foreign"
        }, {
            "box": [360, 1268, 468, 1288],
            "text": "corporation's"
        }, {
            "box": [468, 1268, 542, 1288],
            "text": "statutory"
        }, {
            "box": [542, 1268, 564, 1288],
            "text": "or"
        }, {
            "box": [564, 1268, 630, 1288],
            "text": "resident"
        }, {
            "box": [630, 1268, 680, 1288],
            "text": "agent"
        }, {
            "box": [680, 1268, 700, 1288],
            "text": "in"
        }, {
            "box": [700, 1268, 762, 1288],
            "text": "country"
        }, {
            "box": [128, 1290, 148, 1308],
            "text": "of"
        }, {
            "box": [148, 1290, 258, 1308],
            "text": "incorporation"
        }]
    }, {
        "id": 38,
        "text": "Mr.XYZ Contact Address 1 XYX-SS-SSD--44441, Contact Address 2 XYX-SS-SSD--44441 Mumbai 55577 Ahmedabad",
        "box": [130, 1336, 728, 1426],
        "label": "answer",
        "words": [{
            "box": [130, 1336, 202, 1360],
            "text": "Mr.XYZ"
        }, {
            "box": [130, 1372, 190, 1392],
            "text": "Contact"
        }, {
            "box": [190, 1372, 256, 1392],
            "text": "Address"
        }, {
            "box": [256, 1372, 266, 1392],
            "text": "1"
        }, {
            "box": [266, 1372, 432, 1392],
            "text": "XYX-SS-SSD--44441,"
        }, {
            "box": [432, 1372, 492, 1392],
            "text": "Contact"
        }, {
            "box": [492, 1372, 556, 1392],
            "text": "Address"
        }, {
            "box": [556, 1372, 570, 1392],
            "text": "2"
        }, {
            "box": [570, 1372, 728, 1392],
            "text": "XYX-SS-SSD--44441"
        }, {
            "box": [130, 1408, 206, 1426],
            "text": "Mumbai"
        }, {
            "box": [206, 1408, 266, 1426],
            "text": "55577"
        }, {
            "box": [266, 1408, 380, 1426],
            "text": "Ahmedabad"
        }],
        "linking": [
            [37, 38]
        ]
    }]
}