{
    "form": [{
            "id": 1,
            "text": "Business or Manufacturing Corporation Excise Return",
            "box": [119.00,424.00,647.67,457.00],
            "linking": [
                [1, 2]
            ],
            "label": "question",
            "words": [{
                       "text": "Business",
                       "box": [122.00,425.00,216.68,456.03]
                      },
					  {
                       "text": "or",
                       "box": [218.00,426.00,241.67,454.03]
                      },
					   {
                       "text": "Manufacturing",
                       "box": [244.00,426.00,385.68,454.03]
                      },
					   {
                       "text": "Corporation",
                       "box": [387.00,427.00,504.69,455.03]
                      },
					   {
                       "text": "Excise",
                       "box": [507.00,427.00,573.69,455.03]
                      },
					   {
                       "text": "Return",
                       "box": [577.00,427.00,646.66,455.03]
                      }
            ]
        }, 
		{
            "id": 2,
            "text": "599999996",
            "box": [120.00,456.00,297.68,486.03],
            "label": "answer",
            "words": [{
                    "box": [209, 169, 236, 182],
                    "text": "533"
                }
            ],
            "linking": [
                [1, 2]
            ]
        },
		{
            "id": 3,
            "text": "Total tangible assets outside of Massachusetts",
            "box": [157.00,635.00,574.67,665.06],
            "linking": [
                [3, 4]
            ],
            "label": "question",
           "words": [{
                       "text": "Total",
                       "box": [157.00,636.00,207.69,664.03]
                      },
					  {
                       "text": "tangible",
                       "box": [210.00,637.00,286.68,665.03]
                      },
					   {
                       "text": "assets",
                       "box": [286.00,636.00,350.67,664.03]
                      },
					   {
                       "text": "outside",
                       "box": [350.00,637.00,417.66,665.03]
                      },
					   {
                       "text": "of",
                       "box": [417.00,636.00,435.72,664.03]
                      },
					   {
                       "text": "Massachusetts",
                       "box": [438.00,637.00,581.66,665.03]
                      }
            ]
        }, 
		{
            "id": 4,
            "text": "596115",
            "box": [1180.68,628.00,1424.00,664.03],
            "linking": [
                [3, 4]
            ],
            "label": "answer"
            
        }, 
		{
            "id": 5,
            "text": "Total tangible assets. Add lines 4 and 10",
            "box": [157.00,665.00,528.67,695.97],
            "linking": [
                [5, 6]
            ],
            "label": "question",
           "words": [{
                       "text": "Total",
                       "box": [158.00,667.00,208.65,695.03]
                      },
					  {
                       "text": "tangible",
                       "box": [209.00,666.00,284.66,694.03]
                      },
					   {
                       "text": "assets.",
                       "box": [285.00,666.00,351.69,694.03]
                      },
					   {
                       "text": "Add",
                       "box": [352.00,667.00,396.69,695.03]
                      },
					   {
                       "text": "lines",
                       "box": [396.00,666.00,441.65,694.03]
                      },
					   {
                       "text": "4",
                       "box": [439.00,665.00,455.61,693.03]
                      },
					    {
                       "text": "and",
                       "box": [457.70,666.00,493.64,694.03]
                      },
					   {
                       "text": "10",
                       "box": [495.70,666.00,521.71,694.03]
                      }
            ]
        }, 
		{
            "id": 6,
            "text": "596115",
            "box": [1181.00,664.00,1424.67,697.03],
            "linking": [
                [5, 6]
            ],
            "label": "answer"
            
        }, 
		{
            "id": 7,
            "text": "Accounts receivable",
            "box": [155.00,817.00,345.68,845.96],
            "linking": [
                [7, 8]
            ],
            "label": "question",
            "words": [{
                    "text": "Accounts",
                    "box": [94, 169, 168, 186]
                }, {
                    "text": "receivable",
                    "box": [170, 169, 191, 183]
                }
            ]
        }, 
		{
            "id": 8,
            "text": "16614114",
            "box": [1178.68,809.00,1423.00,844.00],
            "linking": [
                [7, 8]
            ],
            "label": "answer"
            
        }, 
			{
            "id": 9,
            "text": "Cash",
            "box": [156.00,876.00,213.65,903.96],
            "linking": [
                [9, 10]
            ],
            "label": "question"
           
        }, 
		{
            "id": 10,
            "text": "5277118",
            "box": [1179.00,871.00,1424.67,900.97],
            "linking": [
                [9, 10]
            ],
            "label": "answer"
            
        }, 
		{
            "id": 11,
            "text": "Other assets",
            "box": [158.00,904.00,275.68,935.00],
            "linking": [
                [11, 12]
            ],
            "label": "question",
            "words": [{
                    "text": "Other",
                    "box": [94, 169, 168, 186]
                }, {
                    "text": "assets",
                    "box": [170, 169, 191, 183]
                }
            ]
        }, 
		{
            "id": 12,
            "text": "347635329",
            "box": [1180.00,901.00,1426.67,932.03],
            "linking": [
                [11, 12]
            ],
            "label": "answer"
            
        }, 
		{
            "id": 13,
            "text": "total assets",
            "box": [159.00,936.00,277.68,965.97],
            "linking": [
                [13, 14]
            ],
            "label": "question",
            "words": [{
                    "text": "total",
                    "box": [94, 169, 168, 186]
                }, {
                    "text": "assets",
                    "box": [170, 169, 191, 183]
                }
            ]
        }, 
		{
            "id": 14,
            "text": "370122676",
            "box": [1182.00,932.00,1427.67,966.00],
            "linking": [
                [13, 14]
            ],
            "label": "answer"
            
        }, 
		{
            "id": 15,
            "text": "Accounts payable",
            "box": [157.00,1148.00,323.68,1177.03],
            "linking": [
                [15, 16]
            ],
            "label": "question",
            "words": [{
                    "text": "Accounts",
                    "box": [94, 169, 168, 186]
                }, {
                    "text": "payable",
                    "box": [170, 169, 191, 183]
                }
            ]
        }, 
		{
            "id": 16,
            "text": "27845361",
            "box": [1182.68,1141.03,1431.67,1175.03],
            "linking": [
                [15, 16]
            ],
            "label": "answer"
            
        }, 
		{
            "id": 17,
            "text": "Miscellaneous current liabilities",
            "box": [154.00,1236.00,440.67,1264.97],
            "linking": [
                [17, 18]
            ],
            "label": "question",
            "words": [{
                    "text": "Miscellaneous",
                    "box": [94, 169, 168, 186]
                },
				{
                    "text": "current",
                    "box": [170, 169, 191, 183]
                },
				{
                    "text": "liabilities",
                    "box": [170, 169, 191, 183]
                }
            ]
        }, 
		{
            "id": 18,
            "text": "198636772",
            "box": [1180.00,901.00,1426.67,932.03],
            "linking": [
                [17, 18]
            ],
            "label": "answer"
            
        }, 
		{
            "id": 19,
            "text": "Miscellaneous accrued liabilities",
            "box": [154.00,1266.00,446.67,1293.93],
            "linking": [
                [19, 20]
            ],
            "label": "question",
            "words": [{
                    "text": "Miscellaneous",
                    "box": [94, 169, 168, 186]
                },
				{
                    "text": "accrued",
                    "box": [170, 169, 191, 183]
                },
				{
                    "text": "liabilities",
                    "box": [170, 169, 191, 183]
                }
            ]
        }, 
		{
            "id": 20,
            "text": "749912",
            "box": [1181.67,1261.00,1433.00,1290.03],
            "linking": [
                [19, 20]
            ],
            "label": "answer"
            
        }, 
		{
            "id": 21,
            "text": "Total liabilities",
            "box": [153.00,1295.00,289.68,1321.96],
            "linking": [
                [21, 22]
            ],
            "label": "question",
            "words": [{
                    "text": "total",
                    "box": [94, 169, 168, 186]
                }, {
                    "text": "liabilities",
                    "box": [170, 169, 191, 183]
                }
            ]
        }, 
		{
            "id": 22,
            "text": "227232045",
            "box": [1182.00,1290.00,1431.67,1322.03],
            "linking": [
                [21, 22]
            ],
            "label": "answer"
            
        }, 
		{
            "id": 23,
            "text": "paid-in or capital surplus",
            "box": [153.00,1356.00,380.68,1384.03],
            "linking": [
                [23, 24]
            ],
            "label": "question",
            "words": [{
                    "text": "paid-in",
                    "box": [94, 169, 168, 186]
                }, {
                    "text": "or",
                    "box": [170, 169, 191, 183]
                },
				{
                    "text": "capital",
                    "box": [170, 169, 191, 183]
                },
				{
                    "text": "surplus",
                    "box": [170, 169, 191, 183]
                }
            ]
        }, 
		{
            "id": 24,
            "text": "347635329",
            "box": [1180.00,901.00,1426.67,932.03],
            "linking": [
                [23, 24]
            ],
            "label": "answer"
            
        }, 
		{
            "id": 25,
            "text": "Retained earnings and surplus reserves",
            "box": [154.00,1384.00,506.67,1413.03],
            "linking": [
                [25, 26]
            ],
            "label": "question",
            "words": [{
                    "text": "Retained",
                    "box": [94, 169, 168, 186]
                }, {
                    "text": "earnings",
                    "box": [170, 169, 191, 183]
                },
				{
                    "text": "and",
                    "box": [170, 169, 191, 183]
                },
				{
                    "text": "surplus",
                    "box": [170, 169, 191, 183]
                },
				{
                    "text": "reserves",
                    "box": [170, 169, 191, 183]
                }
            ]
        }, 
		{
            "id": 26,
            "text": "21373631", 
            "box": [1183.00,1382.00,1432.67,1413.03],
            "linking": [
                [25, 26]
            ],
            "label": "answer"
            
        }, 
		{
            "id": 27,
            "text": "Total capital",
            "box": [155.00,1447.00,274.66,1474.03],
            "linking": [
                [27, 28]
            ],
            "label": "question",
            "words": [{
                    "text": "Total",
                    "box": [94, 169, 168, 186]
                }, {
                    "text": "capital",
                    "box": [170, 169, 191, 183]
                }
				
            ]
        }, 
		{
            "id": 28,
            "text": "142890631",
            "box": [1186.68,1439.00,1433.00,1471.06],
            "linking": [
                [27, 28]
            ],
            "label": "answer"
            
        }, 
		{
            "id": 29,
            "text": "Total liabilities and capital",
            "box": [155.00,1506.00,391.67,1534.03],
            "linking": [
                [29, 30]
            ],
            "label": "question",
            "words": [{
                    "text": "total",
                    "box": [94, 169, 168, 186]
                }, {
                    "text": "liabilities",
                    "box": [170, 169, 191, 183]
                },
				{
                    "text": "and",
                    "box": [170, 169, 191, 183]
                },
				{
                    "text": "capital",
                    "box": [170, 169, 191, 183]
                }
            ]
        }, 
		{
            "id": 30,
            "text": "370122676",
            "box": [155.00,1506.00,391.67,1534.03],
            "linking": [
                [29, 30]
            ],
            "label": "answer"
            
        }
		
    ]
}
