{
    "form": [
	       {
            "id": 1,
            "text": "Member's name",
            "box": [85.60,240.96,220.59,265.04],
            "linking": [
                [1, 4]
            ],
            "label": "question",
            "words": [
			    {
                    "text": "Member's",
                    "box": [82.62,242.63,171.58,263.60]
                }, 
				{
                    "text": "name",
                    "box": [169.59,244.55,215.60,262.65]
                }
                     ]
           }, 
		   {
            "id": 4,
            "text": "XYZ fIREWORK Ltd.",
            "box": [121.99,273.58,429.52,303.63],
            "label": "answer",
            "words": [
			    {
                    "text": "XYZ",
                    "box": [122.62,273.57,185.59,303.62]
                },
				{
                    "box": [191.98,276.60,351.55,303.56],
                    "text": "fIREWORK"
                },
				{
                    "text": "Ltd.",
                    "box": [354.93,274.00,429.54,303.60]
                }
            ],
            "linking": [
                [1, 4]
            ]
        },
		{
            "id": 8,
            "text": "Principal address",
            "box": [83.00,304.00,224.57,327.04],
            "linking": [
                [8, 12]
            ],
            "label": "question",
            "words": [
			    {
                    "text": "Principal",
                    "box": [83.00,303.04,157.60,328.00]
                }, 
				{
                    "text": "address",
                    "box": [155.99,307.00,221.58,328.04]
                }
                     ]
        },
		{
            "id": 12,
            "text": "19 King Plaza",
            "box": [87.00,333.00,331.55,359.04],
            "linking": [
                [8, 12]
            ],
            "label": "answer",
            "words": [
			    {
                    "text": "19",
                    "box": [88.00,333.00,131.63,362.03]
                }, 
				{
                    "text": "King",
                    "box": [135.99,334.00,221.58,358.00]
                }, 
				{
                    "text": "Plaza",
                    "box": [219.97,333.00,331.55,359.04]
                }
                     ]
        },
		{
            "id": 16,
            "text": "Tax type:",
            "box": [86.00,359.00,164.61,384.04],
            "linking": [
                [16, 19]
            ],
            "label": "question",
            "words": [{
                    "text": "Tax",
                    "box": [86.00,361.00,121.61,384.08]
                }, {
                    "text": "type:",
                    "box": [118.61,361.00,159.62,382.00]
                }
            ]
        }, {
            "id": 19,
            "text": " Business Corporaion",
            "box": [328.94,386.00,539.98,422.00],
            "label": "answer",
            "words": [{
                    "box": [330.94,390.17,367.57,421.20],
                    "text": ""
                },
				{
                    "box": [369.53,391.16,452.52,416.25],
                    "text": "Business"
                },
				{
					"box": [451.53,390.20,541.50,420.23],
					"text": "Corporaion"
				}
            ],
            "linking": [
                [16, 19]
            ]
        },
		{
            "id": 23,
            "text": "Name of principal reporting corporation",
            "box": [83.00,479.98,397.33,508.07],
            "label": "question",
            "words": [{
                    "box": [86.00,482.00,133.75,505.88],
                    "text": "Name"
                },
				{
                    "box": [134.38,484.00,158.47,505.30],
                    "text": "of"
                },
				{
					"box": [159.98,481.00,231.83,506.32],
					"text": "principal"
				},
				{
					"box": [232.97,484.00,306.17,504.40],
					"text": "reporting"
				},
				{
					"box": [305.95,482.00,398.34,504.44],
					"text": "corporation"
				}
            ],
            "linking": [
                [23, 29]
            ]
        },
		{
            "id": 29,
            "text": "XYZ fIREWORK Ltd.",
            "box": [119.99,511.34,433.32,541.43],
            "label": "answer",
            "words": [{
                    "box": [121.99,510.00,185.46,541.73],
                    "text": "XYZ"
                },
				{
                    "box": [192.98,511.00,350.35,541.85],
                    "text": "fIREWORK"
                },
				{
					"box": [352.93,513.00,430.31,539.84],
					"text": "Ltd."
				}
            ],
            "linking": [
                [23, 29]
            ]
        },
		{
            "id": 34,
            "text": "Federal Identification number",
            "box": [765.83,243.00,1003.40,265.84],
            "label": "question",
            "words": [{
                    "box": [767.83,243.00,834.77,262.80],
                    "text": "Federal"
                },
				{
                    "box": [836.81,240.00,935.40,263.80],
                    "text": "Identification"
                },
				{
					"box": [938.78,244.00,1002.37,264.85],
					"text": "number"
				}
            ],
            "linking": [
                [34, 37]
            ]
        },
		{
            "id": 37,
            "text": "222222222",
            "box": [817.81,270.00,999.38,301.83],
            "label": "answer",
          
            "linking": [
                [34, 37]
            ]
        },
		{
            "id": 38,
            "text": "Member's PBA code",
            "box": [1089.74,239.00,1261.91,265.03],
            "label": "question",
            "words": [{
                    "box": [767.83,243.00,834.77,262.80],
                    "text": "Member's"
                },
				{
                    "box": [1091.95,240.99,1172.94,264.04],
                    "text": "PBA"
                },
				{
					"box": [1212.88,241.00,1257.93,264.04],
					"text": "code"
				}
            ],
            "linking": [
                [38, 42]
            ]
        },
		{
            "id": 42,
            "text": "222222222",
            "box": [1091.74,270.00,1209.19,304.05],
            "label": "answer",
          
            "linking": [
                [38, 42]
            ]
        },
		{
            "id": 43,
            "text": "City/Town",
            "box": [773.82,298.00,860.42,326.09],
            "label": "question",
          
            "linking": [
                [43, 44]
            ]
        },
		{
            "id": 44,
            "text": "ABC kkk",
            "box": [720.84,331.00,866.41,361.03],
            "label": "answer",
            "words": [{
                    "box": [722.84,330.00,787.45,359.03],
                    "text": "ABC"
                },
				{
                    "box": [787.82,331.00,864.42,361.03],
                    "text": "kkk"
                }
            ],
            "linking": [
                [43, 44]
            ]
        },
		{
            "id": 47,
            "text": "State",
            "box": [1092.74,305.00,1144.96,326.05],
            "label": "question",
          
            "linking": [
                [47, 48]
            ]
        },
		{
            "id": 48,
            "text": "zz",
            "box": [1073.75,331.00,1129.88,359.07],
            "label": "answer",
          
            "linking": [
                [47, 48]
            ]
        },
		{
            "id": 49,
            "text": "Zip",
            "box": [1199.90,301.00,1235.89,325.04],
            "label": "question",
          
            "linking": [
                [49, 50]
            ]
        },
		{
            "id": 50,
            "text": "90091",
            "box": [1217.71,331.00,1317.89,359.07],
            "label": "answer",
          
            "linking": [
                [49, 50]
            ]
        },
		{
            "id": 51,
            "text": "Federal Identification number",
            "box": [767.83,480.00,999.37,508.60],
            "label": "question",
            "words": [{
                    "box": [768.83,479.00,835.42,507.60],
                    "text": "Federal"
                },
				{
                    "box": [836.81,482.00,936.40,506.64],
                    "text": "Identification"
                },
				{
					"box": [937.78,483.00,999.39,507.60],
					"text": "number"
				}
            ],
            "linking": [
                [51, 55]
            ]
        },
		{
            "id": 55,
            "text": "999999999",
            "box": [821.81,513.00,996.38,547.63],
            "label": "answer",
          
            "linking": [
                [51, 55]
            ]
        },
		{
            "id": 56,
            "text": "Member's number of worldwide employee",
            "box": [126.20,783.77,1141.94,813.82],
            "label": "question",
            "words": [{
                        "box": [127.99,784.00,221.37,810.83],
                        "text": "Member's"
                      },
				      {
                        "box": [222.97,783.00,294.37,811.77],
                        "text": "number"
                      },
					  {
                        "box": [294.95,784.00,319.31,811.80],
                        "text": "of"
                      },
					  {
                        "box": [319.94,786.00,414.34,813.83],
                        "text": "worldwide"
                      },
					  {
                        "box": [415.92,784.00,513.30,814.80],
                        "text": "employee"
                      }
                     ],
            "linking": [
                [56, 57]
            ]
        },
		{
            "id": 57,
            "text": "9,312.",
            "box": [1189.32,778.97,1437.25,810.00],
            "label": "answer",
          
            "linking": [
                [56, 57]
            ]
        },
		{
            "id": 58,
            "text": "Member's total assets per tax year ending books",
            "box": [126.61,816.00,1123.34,847.00],
            "label": "question",
            "words": [{
                        "box": [128.99,815.00,222.38,846.23],
                        "text": "Member's"
                      },
				      {
                        "box": [221.97,813.00,265.39,845.20],
                        "text": "total"
                      },
					  {
                        "box": [267.96,815.00,330.37,845.23],
                        "text": "assets"
                      },
					  {
                        "box": [331.94,816.00,363.37,845.20],
                        "text": "per"
                      },
					  {
                        "box": [364.93,816.00,398.33,846.20],
                        "text": "tax"
                      },
					  {
                        "box": [396.92,816.00,438.32,846.23],
                        "text": "year"
                      },
					  {
                        "box": [437.91,816.00,500.32,846.20],
                        "text": "ending"
                      },
					  {
                        "box": [501.89,814.00,564.31,847.20],
                        "text": "books"
                      }
                     ],
            "linking": [
                [58, 59]
            ]
        },
		{
            "id": 59,
            "text": "9,083,994,187.",
            "box": [1188.72,808.00,1438.06,839.20],
            "label": "answer",
          
            "linking": [
                [58, 59]
            ]
        },
		{
            "id": 60,
            "text": "Member's Massachusetts apportioned share of combined section 1231 gain or loss (from schedule U-MSI, line 33)",
            "box": [128.99,869.99,1121.74,901.03],
            "label": "question",
            "words": [{
                        "box": [128.00,873.00,222.67,904.06],
                        "text": "Member's"
                      },
				      {
                        "box": [223.00,873.00,364.66,904.06],
                        "text": "Massachusetts"
                      },
					  {
                        "box": [364.00,876.04,475.68,904.96],
                        "text": "apportioned"
                      },
					  {
                        "box": [476.00,874.04,530.65,900.96],
                        "text": "share"
                      },
					  {
                        "box": [531.00,875.04,554.71,901.96],
                        "text": "of"
                      },
					  {
                        "box": [555.00,875.04,647.68,901.96],
                        "text": "combined"
                      },
					  {
                        "box": [648.00,876.04,714.66,902.96],
                        "text": "section"
                      },
					  {
                        "box": [714.00,875.04,759.69,901.96],
                        "text": "1231"
                      },
					  {
                        "box": [761.00,877.04,802.65,903.96],
                        "text": "gain"
                      },
					  {
                        "box": [802.00,877.04,822.72,903.96],
                        "text": "or"
                      },
					  {
                        "box": [824.00,876.04,865.65,902.96],
                        "text": "loss"
                      },
					  {
                        "box": [863.00,878.04,911.65,904.96],
                        "text": "(from"
                      },
					  {
                        "box": [911.00,877.04,988.66,903.96],
                        "text": "Schedule"
                      },
					  {
                        "box": [987.00,877.04,1040.69,903.96],
                        "text": "U-MSI,"
                      },
					  {
                        "box": [1044.00,877.04,1076.70,903.96],
                        "text": "line"
                      },
					  {
                        "box": [1075.00,876.04,1107.70,902.96],
                        "text": "33)"
                      }
                     ],
            "linking": [
                [60, 61]
            ]
        },
		{
            "id": 61,
            "text": "-964.",
            "box": [1188.72,869.00,1436.86,898.43],
            "label": "answer",
          
            "linking": [
                [60, 61]
            ]
        },
		{
            "id": 62,
            "text": "Member's Massachusetts apportioned share of combined capital gain or loss (from Schedule U-MSI, line 31)",
            "box": [126.99,1024.76,1124.34,1053.83],
            "label": "question",
            "words": [{
                        "box": [128.00,1024.04,224.66,1050.96],
                        "text": "Member's"
                      },
				      {
                        "box": [223.00,1024.04,364.66,1050.96],
                        "text": "Massachusetts"
                      },
					  {
                        "box": [364.00,876.04,475.68,904.96],
                        "text": "apportioned"
                      },
					  {
                        "box": [476.00,1027.04,530.69,1053.96],
                        "text": "share"
                      },
					  {
                        "box": [531.00,1027.04,554.71,1053.96],
                        "text": "of"
                      },
					  {
                        "box": [554.00,1027.04,650.66,1053.96],
                        "text": "combined"
                      },
					  {
                        "box": [648.00,1027.04,709.69,1053.96],
                        "text": "capital"
                      },
					  {
                        "box": [709.00,1028.04,750.65,1054.96],
                        "text": "gain"
                      },
					  {
                        "box": [750.00,1027.04,774.74,1051.04],
                        "text": "or"
                      },
					  {
                        "box": [772.00,1027.04,811.65,1051.04],
                        "text": "loss"
                      },
					  {
                        "box": [811.00,1026.04,863.63,1050.04],
                        "text": "(from"
                      },
					  {
                        "box": [863.00,1025.04,948.66,1049.04],
                        "text": "Schedule"
                      },
					  {
                        "box": [945.00,1025.04,1008.69,1049.04],
                        "text": "U-MSI,"
                      },
					  {
                        "box": [1010.00,1027.04,1046.70,1051.04],
                        "text": "line"
                      },
					  {
                        "box": [1046.00,1026.04,1079.73,1050.04],
                        "text": "31)"
                      }
                     ],
            "linking": [
                [62, 63]
            ]
        },
		{
            "id": 63,
            "text": "9,029.",
            "box": [1188.72,1018.00,1437.06,1050.00],
            "label": "answer",
          
            "linking": [
                [62, 63]
            ]
        },
		{
            "id": 64,
            "text": "Member's net Massachusetts capital gain. Combine lines 15 through 17. If a loss, enter 0",
            "box": [126.61,1082.78,1128.54,1112.77],
            "label": "question",
            "words": [{
                        "box": [130.00,1086.04,225.66,1110.04],
                        "text": "Member's"
                      },
					  {
                        "box": [224.00,1087.04,256.73,1111.04],
                        "text": "net"
                      },
				      {
                        "box": [258.00,1085.04,403.66,1109.04],
                        "text": "Massachusetts"
                      },
					    {
                        "box": [399.00,1086.04,461.67,1110.04],
                        "text": "capital"
                      },
					   {
                        "box": [463.00,1088.04,508.69,1112.04],
                        "text": "gain."
                      },
					  {
                        "box": [511.00,1087.04,600.66,1111.04],
                        "text": "combine"
                      },
					  {
                        "box": [597.00,1085.04,644.69,1109.04],
                        "text": "lines"
                      },
					  {
                        "box": [645.00,1085.04,670.71,1109.04],
                        "text": "15"
                      },
					  {
                        "box": [670.00,1085.04,742.64,1109.04],
                        "text": "through"
                      },
					  {
                        "box": [742.00,1086.04,769.71,1110.04],
                        "text": "17."
                      },
					  {
                        "box": [771.00,1085.04,792.72,1109.04],
                        "text": "if"
                      },
					  {
                        "box": [789.00,1088.04,810.72,1112.04],
                        "text": "a"
                      },
					  {
                        "box": [805.00,1086.04,846.65,1110.04],
                        "text": "loss,"
                      },
					  {
                        "box": [849.00,1087.04,900.67,1111.04],
                        "text": "enter"
                      },
					  {
                        "box": [897.00,1087.04,916.62,1111.04],
                        "text": "0"
                      }
                     ],
            "linking": [
                [64, 65]
            ]
        },
		{
            "id": 65,
            "text": "2,029.",
            "box": [1188.72,1079.00,1438.86,1108.83],
            "label": "answer",
          
            "linking": [
                [64, 65]
            ]
        },
		{
            "id": 66,
            "text": "Member's net Massachusetts section 1231 loss. Enter as a negative if the total of lines 11 and 12 is less than 0",
            "box": [126.61,1142.00,1126.78,1171.56],
            "label": "question",
            "words": [{
                        "box": [129.00,1145.04,223.66,1169.04],
                        "text": "Member's"
                      },
					  {
                        "box": [223.00,1146.04,256.64,1170.04],
                        "text": "net"
                      },
				      {
                        "box": [259.00,1145.04,397.66,1169.04],
                        "text": "Massachusetts"
                      },
					    {
                        "box": [399.00,1146.04,469.70,1170.04],
                        "text": "section"
                      },
					   {
                        "box": [470.00,1146.04,519.71,1170.04],
                        "text": "1231"
                      },
					  {
                        "box": [519.00,1146.04,566.69,1170.04],
                        "text": "loss."
                      },
					  {
                        "box": [568.00,1146.04,623.65,1170.04],
                        "text": "Enter"
                      },
					  {
                        "box": [623.00,1146.04,649.71,1170.04],
                        "text": "as"
                      },
					  {
                        "box": [649.00,1146.04,667.72,1170.04],
                        "text": "a"
                      },
					  {
                        "box": [668.00,1147.04,747.66,1171.04],
                        "text": "negative"
                      },
					  {
                        "box": [745.00,1146.04,762.73,1170.04],
                        "text": "if"
                      },
					  {
                        "box": [762.00,1147.04,792.64,1171.96],
                        "text": "the"
                      },
					  {
                        "box": [793.00,1145.04,834.65,1169.96],
                        "text": "total"
                      },
					  {
                        "box": [835.00,1145.04,855.63,1169.96],
                        "text": "of"
                      },
					  {
                        "box": [856.00,1146.04,900.65,1170.96],
                        "text": "lines"
                      },
					  {
                        "box": [901.00,1144.04,926.71,1168.96],
                        "text": "11"
                      },
					  {
                        "box": [927.00,1146.04,965.62,1170.96],
                        "text": "and"
                      },
					  {
                        "box": [966.00,1145.04,990.71,1169.96],
                        "text": "12"
                      },
					  {
                        "box": [990.00,1146.04,1009.72,1170.96],
                        "text": "is"
                      },
					  {
                        "box": [1009.00,1146.04,1047.65,1170.96],
                        "text": "less"
                      },
					  {
                        "box": [1049.00,1144.04,1090.65,1168.96],
                        "text": "than"
                      },
					  {
                        "box": [1091.00,1145.04,1112.75,1169.96],
                        "text": "0"
                      }
                     ],
            "linking": [
                [66, 67]
            ]
        },
		{
            "id": 67,
            "text": "-164.",
            "box": [1188.72,1141.00,1437.67,1168.63],
            "label": "answer",
          
            "linking": [
                [66, 67]
            ]
        },
		{
            "id": 68,
            "text": "Member's Massachusetts apportioned share of combined income other than gains or losses",
            "box": [126.99,1171.00,1127.34,1202.00],
            "label": "question",
            "words": [{
                        "box": [129.00,1176.04,223.65,1200.96],
                        "text": "Member's"
                      },
				      {
                        "box": [222.00,1176.04,366.66,1200.96],
                        "text": "Massachusetts"
                      },
					    {
                        "box": [365.00,1176.04,476.68,1200.96],
                        "text": "apportioned"
                      },
					   {
                        "box": [475.00,1176.04,532.69,1200.96],
                        "text": "share"
                      },
					  {
                        "box": [532.00,1177.04,556.71,1201.96],
                        "text": "of"
                      },
					  {
                        "box": [555.00,1176.04,646.66,1200.96],
                        "text": "combined"
                      },
					  {
                        "box": [646.00,1175.04,713.70,1199.96],
                        "text": "income"
                      },
					  {
                        "box": [712.00,1176.04,762.65,1200.96],
                        "text": "other"
                      },
					  {
                        "box": [760.00,1176.04,803.69,1200.96],
                        "text": "than"
                      },
					  {
                        "box": [803.00,1178.04,855.65,1202.96],
                        "text": "gains"
                      },
					  {
                        "box": [854.00,1177.04,877.71,1201.96],
                        "text": "or"
                      },
					  {
                        "box": [877.00,1176.04,937.66,1200.96],
                        "text": "losses"
                      }
					 
                     ],
            "linking": [
                [68, 69]
            ]
        },
		{
            "id": 69,
            "text": "15,642.",
            "box": [1189.72,1170.00,1438.86,1200.03],
            "label": "answer",
          
            "linking": [
                [68, 69]
            ]
        },
		{
            "id": 70,
            "text": "Combine lines 18 through 23",
            "box": [126.60,1261.00,1126.78,1293.63],
            "label": "question",
            "words": [{
                        "box": [129.00,1266.04,216.66,1290.96],
                        "text": "Combine"
                      },
				      {
                        "box": [214.00,1265.04,263.69,1289.96],
                        "text": "lines"
                      },
					    {
                        "box": [265.00,1265.04,291.71,1289.96],
                        "text": "18"
                      },
					   {
                        "box": [293.00,1265.04,367.66,1289.96],
                        "text": "through"
                      },
					  {
                        "box": [365.00,1267.04,393.71,1291.96],
                        "text": "23"
                      }
                     ],
            "linking": [
                [70, 71]
            ]
        },
		{
            "id": 71,
            "text": "17,507.",
            "box": [1189.72,1260.00,1437.27,1288.63],
            "label": "answer",
          
            "linking": [
                [70, 71]
            ]
        },
		{
            "id": 72,
            "text": "Subtract line 25 from line 24",
            "box": [126.60,1323.00,1126.78,1353.60],
            "label": "question",
            "words": [{
                        "box": [131.00,1324.04,214.66,1348.96],
                        "text": "Subtract"
                      },
				      {
                        "box": [211.00,1326.04,249.70,1350.96],
                        "text": "line"
                      },
					    {
                        "box": [249.00,1325.04,278.70,1349.96],
                        "text": "25"
                      },
					   {
                        "box": [278.00,1327.04,324.65,1351.96],
                        "text": "from"
                      },
					  {
                        "box": [324.00,1326.04,362.72,1350.96],
                        "text": "line"
                      },
					  {
                        "box": [360.00,1326.04,389.64,1350.96],
                        "text": "24"
                      }
                     ],         
            "linking": [
                [72, 73]
            ]
        },
		{
            "id": 73,
            "text": "19,507.",
            "box": [1189.72,1319.00,1436.66,1347.72],
            "label": "answer",
          
            "linking": [
                [72, 73]
            ]
        },
		{
            "id": 74,
            "text": "Member's taxable income or loss, Subtract line 27 from line 26",
            "box": [125.20,1380.00,1143.14,1411.57],
            "label": "question",
            "words": [{
                        "box": [129.00,1386.04,222.67,1410.96],
                        "text": "Member's"
                      },
				      {
                        "box": [224.00,1386.04,293.67,1410.96],
                        "text": "taxable"
                      },
					    {
                        "box": [293.00,1384.04,362.67,1408.96],
                        "text": "income"
                      },
					   {
                        "box": [363.00,1386.04,387.75,1410.96],
                        "text": "or"
                      },
					  {
                        "box": [387.00,1384.04,430.65,1408.96],
                        "text": "loss,"
                      },
					  {
                        "box": [435.00,1384.04,517.66,1408.96],
                        "text": "Subtract"
                      },
					  {
                        "box": [515.00,1385.04,551.64,1409.96],
                        "text": "line"
                      },
					    {
                        "box": [552.00,1385.04,578.63,1409.96],
                        "text": "27"
                      },
					   {
                        "box": [579.00,1387.04,623.65,1411.96],
                        "text": "from"
                      },
					  {
                        "box": [623.00,1386.04,658.70,1410.96],
                        "text": "line"
                      },
					  {
                        "box": [657.00,1384.04,685.71,1408.96],
                        "text": "26"
                      }
                     ],                  
            "linking": [
                [74, 75]
            ]
        },
		{
            "id": 75,
            "text": "17,507.",
            "box": [1187.72,1379.00,1438.06,1407.63],
            "label": "answer",
          
            "linking": [
                [74, 75]
            ]
        },
		{
            "id": 76,
            "text": "Applicable tax rate (enter as a decimal). See instructions for rates applicable by tax type and entity",
            "box": [125.60,1413.00,1126.78,1442.26],
            "label": "question",
            "words": [{
                        "box": [129.00,1416.04,227.67,1440.96],
                        "text": "Applicable"
                      },
				      {
                        "box": [228.00,1417.04,259.70,1441.96],
                        "text": "tax"
                      },
					    {
                        "box": [261.00,1416.04,301.65,1440.96],
                        "text": "rate"
                      },
					   {
                        "box": [302.00,1415.04,359.65,1439.96],
                        "text": "(enter"
                      },
					  {
                        "box": [359.00,1417.04,385.71,1441.96],
                        "text": "as"
                      },
					  {
                        "box": [386.00,1415.04,404.72,1439.96],
                        "text": "a"
                      },
					  {
                        "box": [403.00,1417.04,489.66,1441.96],
                        "text": "decimal)."
                      },
					    {
                        "box": [490.00,1416.04,533.69,1440.96],
                        "text": "See"
                      },
					   {
                        "box": [533.00,1417.04,643.66,1441.96],
                        "text": "instructions"
                      },
					  {
                        "box": [642.00,1415.04,673.73,1439.96],
                        "text": "for"
                      },
					  {
                        "box": [673.00,1415.04,721.71,1439.96],
                        "text": "rates"
                      },
					  					  {
                        "box": [723.00,1415.04,811.65,1439.96],
                        "text": "applicable"
                      },
					  {
                        "box": [811.00,1416.04,835.71,1440.96],
                        "text": "by"
                      },
					    {
                        "box": [836.00,1415.04,865.70,1439.96],
                        "text": "tax"
                      },
					   {
                        "box": [865.00,1416.04,904.67,1440.96],
                        "text": "type"
                      },
					  {
                        "box": [905.00,1415.04,944.67,1439.96],
                        "text": "and"
                      },
					  {
                        "box": [942.00,1416.04,991.69,1440.96],
                        "text": "entity"
                      }
                     ],            
            "linking": [
                [76, 77]
            ]
        },
		{
            "id": 77,
            "text": "0.080000",
            "box": [1190.71,1408.00,1438.86,1439.26],
            "label": "answer",
          
            "linking": [
                [76, 77]
            ]
        },
		{
            "id": 78,
            "text": "Income measure of excise. Multiply line 28 by line 29. if a loss, enter 0",
            "box": [125.61,1443.00,1134.78,1473.20],
            "label": "question",
            "words": [{
                        "box": [130.00,1446.04,202.66,1470.96],
                        "text": "Income"
                      },
				      {
                        "box": [203.00,1447.04,286.68,1471.96],
                        "text": "measure"
                      },
					    {
                        "box": [285.00,1447.04,307.58,1471.96],
                        "text": "of"
                      },
					   {
                        "box": [309.00,1449.04,374.66,1473.96],
                        "text": "excise."
                      },
					  {
                        "box": [376.00,1445.04,450.67,1469.96],
                        "text": "Multiply"
                      },
					  {
                        "box": [453.00,1446.04,489.64,1470.96],
                        "text": "line"
                      },
					  {
                        "box": [490.00,1446.04,514.63,1470.96],
                        "text": "28"
                      },
					    {
                        "box": [516.00,1447.04,540.63,1471.96],
                        "text": "by"
                      },
					   {
                        "box": [541.00,1445.04,574.64,1469.96],
                        "text": "line"
                      },
					  {
                        "box": [576.00,1445.04,603.74,1469.96],
                        "text": "29."
                      },
					  {
                        "box": [606.00,1447.04,625.76,1471.96],
                        "text": "if"
                      },
					  					  {
                        "box": [625.00,1447.04,641.73,1471.96],
                        "text": "a"
                      },
					  {
                        "box": [640.00,1448.04,683.65,1472.96],
                        "text": "loss,"
                      },
					    {
                        "box": [684.00,1448.04,734.63,1472.96],
                        "text": "enter"
                      },
					   {
                        "box": [732.00,1445.04,752.72,1469.96],
                        "text": "0"
                      }
                     ],        
            "linking": [
                [78, 79]
            ]
        },
		{
            "id": 79,
            "text": "1,401.",
            "box": [1189.72,1441.00,1438.86,1467.27],
            "label": "answer",
          
            "linking": [
                [78, 79]
            ]
        },
		{
            "id": 80,
            "text": "Member's tangible property percentage (business corporations only)",
            "box": [126.99,1500.00,1126.94,1532.63],
            "label": "question",
            "words": [{
                        "box": [131.00,1505.04,221.66,1529.00],
                        "text": "Member's"
                      },
				      {
                        "box": [225.00,1507.04,300.66,1531.00],
                        "text": "tangible"
                      },
					    {
                        "box": [299.00,1507.04,379.66,1531.00],
                        "text": "property"
                      },
					   {
                        "box": [380.00,1507.04,485.66,1531.00],
                        "text": "percentage"
                      },
					  {
                        "box": [486.00,1507.04,577.68,1531.00],
                        "text": "(business"
                      },
					  {
                        "box": [576.00,1506.04,683.66,1530.00],
                        "text": "corporations"
                      },
					  {
                        "box": [683.69,1507.04,732.69,1531.00],
                        "text": "only)"
                      }
					  
                     ], 
            "linking": [
                [80, 81]
            ]
        },
		{
            "id": 81,
            "text": "NONE",
            "box": [1188.72,1499.00,1437.86,1527.69],
            "label": "answer",
          
            "linking": [
                [80, 81]
            ]
        },
		{
            "id": 82,
            "text": "Member's taxable net worth, if applicable",
            "box": [127.60,1563.00,1126.78,1591.87],
            "label": "question",
            "words": [{
                        "box": [128.69,1565.04,223.67,1589.00],
                        "text": "Member's"
                      },
				      {
                        "box": [221.69,1567.04,295.67,1591.00],
                        "text": "taxable"
                      },
					    {
                        "box": [292.69,1566.04,325.70,1590.00],
                        "text": "net"
                      },
					   {
                        "box": [326.69,1568.04,385.65,1592.00],
                        "text": "worth,"
                      },
					  {
                        "box": [386.69,1567.04,405.62,1591.00],
                        "text": "if"
                      },
					  {
                        "box": [406.69,1568.04,497.66,1591.00],
                        "text": "applicable"
                      }],
            "linking": [
                [82, 83]
            ]
        },
		{
            "id": 83,
            "text": "1,875,923.",
            "box": [1188.72,1558.00,1438.26,1589.83],
            "label": "answer",
          
            "linking": [
                [82, 83]
            ]
        },
		{
            "id": 84,
            "text": "Number of months in member's taxable year",
            "box": [127.40,1595.00,1126.78,1620.60],
            "label": "question",
            "words": [{
                        "box": [126.69,1597.04,207.68,1620.00],
                        "text": "Number"
                      },
				      {
                        "box": [207.69,1596.04,230.71,1619.00],
                        "text": "of"
                      },
					    {
                        "box": [231.69,1596.04,304.66,1619.00],
                        "text": "months"
                      },
					   {
                        "box": [302.69,1597.04,324.62,1620.00],
                        "text": "in"
                      },
					  {
                        "box": [326.69,1598.04,418.66,1621.00],
                        "text": "member's"
                      },
					  {
                        "box": [414.69,1598.04,482.66,1621.00],
                        "text": "taxable"
                      },
					  {
                        "box": [478.69,1598.04,522.69,1621.00],
                        "text": "year"
                      }
					  
                     ],
            "linking": [
                [84, 85]
            ]
        },
		{
            "id": 85,
            "text": "12.",
            "box": [1188.72,1589.00,1438.86,1618.56],
            "label": "answer",
          
            "linking": [
                [84, 85]
            ]
        },
		{
            "id": 86,
            "text": "Total taxes due before credits. See instructions",
            "box": [127.60,1713.00,1137.78,1741.60],
            "label": "question",
            "words": [{
                        "box": [126.69,1717.04,180.65,1740.00],
                        "text": "Total"
                      },
				      {
                        "box": [180.69,1717.04,229.71,1740.00],
                        "text": "taxes"
                      },
					    {
                        "box": [231.69,1716.04,272.65,1739.00],
                        "text": "due"
                      },
					   {
                        "box": [272.69,1717.04,336.66,1740.00],
                        "text": "before"
                      },
					  {
                        "box": [333.69,1716.04,397.66,1739.00],
                        "text": "credits."
                      },
					  {
                        "box": [400.69,1716.04,440.70,1739.00],
                        "text": "See"
                      },
					  {
                        "box": [439.69,1717.04,544.66,1740.00],
                        "text": "instructions"
                      }],   
            "linking": [
                [86, 87]
            ]
        },
		{
            "id": 87,
            "text": "6,278.",
            "box": [1189.72,1710.00,1437.66,1739.60],
            "label": "answer",
          
            "linking": [
                [86, 87]
            ]
        },
		{
            "id": 88,
            "text": "Non-income measure of excise (from line 32 or 33, if applicable)",
            "box": [127.81,1623.00,1127.78,1652.63],
            "label": "question",
            "words": [{
                        "box": [130.69,1625.04,245.68,1648.00],
                        "text": "Non-income"
                      },
				      {
                        "box": [244.69,1626.04,329.65,1649.00],
                        "text": "measure"
                      },
					    {
                        "box": [327.69,1626.04,351.71,1649.00],
                        "text": "of"
                      },
					   {
                        "box": [351.69,1626.04,415.67,1649.00],
                        "text": "excise"
                      },
					  {
                        "box": [414.69,1627.04,464.69,1650.00],
                        "text": "(from"
                      },
					  {
                        "box": [466.69,1626.04,498.64,1649.00],
                        "text": "line"
                      },
					  {
                        "box": [500.69,1626.04,525.63,1649.00],
                        "text": "32"
                      },
                      {
                        "box": [527.69,1627.04,548.62,1650.00],
                        "text": "or"
                      },
					  {
                        "box": [550.69,1626.04,574.63,1649.00],
                        "text": "33,"
                      },
					  {
                        "box": [580.69,1625.04,598.72,1648.00],
                        "text": "if"
                      },
					  {
                        "box": [596.69,1628.04,696.67,1651.00],
                        "text": "applicable)"
                      }],
            "linking": [
                [88, 89]
            ]
        },
		{
            "id": 89,
            "text": "9,877.",
            "box": [1188.72,1618.00,1437.87,1647.60],
            "label": "answer",
          
            "linking": [
                [88, 89]
            ]
        },
		{
            "id": 90,
            "text": "Member's net tax liability. Subtract line 40 from line 37",
            "box": [127.61,1829.00,1141.78,1859.60],
            "label": "question",
			            
            "words": [{
                        "box": [127.69,1837.04,224.68,1860.00],
                        "text": "Member's"
                      },
				      {
                        "box": [222.69,1838.04,256.70,1861.00],
                        "text": "net"
                      },
					    {
                        "box": [257.69,1837.04,290.67,1860.00],
                        "text": "tax"
                      },
					   {
                        "box": [289.69,1836.04,363.66,1859.00],
                        "text": "liability."
                      },
					  {
                        "box": [362.69,1835.04,445.66,1858.00],
                        "text": "Subtract"
                      },
					  {
                        "box": [444.69,1835.04,481.70,1858.00],
                        "text": "line"
                      },
					  {
                        "box": [482.69,1836.04,508.71,1859.00],
                        "text": "40"
                      },
{
                        "box": [511.69,1838.04,555.65,1861.00],
                        "text": "from"
                      },
					  {
                        "box": [554.69,1837.04,590.70,1860.00],
                        "text": "line"
                      },
					  {
                        "box": [590.69,1836.04,616.74,1859.00],
                        "text": "37"
                      }],					  
            "linking": [
                [90, 91]
            ]
        },
		{
            "id": 91,
            "text": "6,278.",
            "box": [1188.72,1618.00,1437.87,1647.60],
            "label": "answer",
          
            "linking": [
                [90, 91]
            ]
        }
    ]
}
