{
    "form": [
	       {
            "id": 1,
            "text": "Member's name",
            "box": [85,240,220,265],
            "linking": [
                [1, 4]
            ],
            "label": "question",
            "words": [
			    {
                    "text": "Member's",
                    "box": [82,242,171,263]
                }, 
				{
                    "text": "name",
                    "box": [169,244,215,262]
                }
                     ]
           }, 
		   {
            "id": 4,
            "text": "XYZ fIREWORK Ltd.",
            "box": [121,273,429,303],
            "label": "answer",
            "words": [
			    {
                    "text": "XYZ",
                    "box": [122,273,185,303]
                },
				{
                    "box": [191,276,351,303],
                    "text": "fIREWORK"
                },
				{
                    "text": "Ltd.",
                    "box": [354,274,429,303]
                }
            ],
            "linking": [
                [1, 4]
            ]
        },
		{
            "id": 8,
            "text": "Principal address",
            "box": [83,304,224,327],
            "linking": [
                [8, 12]
            ],
            "label": "question",
            "words": [
			    {
                    "text": "Principal",
                    "box": [83,303,157,328]
                }, 
				{
                    "text": "address",
                    "box": [155,307,221,328]
                }
                     ]
        },
		{
            "id": 12,
            "text": "19 King Plaza",
            "box": [87,333,331,359],
            "linking": [
                [8, 12]
            ],
            "label": "answer",
            "words": [
			    {
                    "text": "19",
                    "box": [88,333,131,362]
                }, 
				{
                    "text": "King",
                    "box": [135,334,221,358]
                }, 
				{
                    "text": "Plaza",
                    "box": [219,333,331,359]
                }
                     ]
        },
		{
            "id": 16,
            "text": "Tax type:",
            "box": [86,359,164,384],
            "linking": [
                [16, 19]
            ],
            "label": "question",
            "words": [{
                    "text": "Tax",
                    "box": [86,361,121,384]
                }, {
                    "text": "type:",
                    "box": [118,361,159,382]
                }
            ]
        }, {
            "id": 19,
            "text": " Business Corporaion",
            "box": [328,386,539,422],
            "label": "answer",
            "words": [{
                    "box": [330,390,367,421],
                    "text": ""
                },
				{
                    "box": [369,391,452,416],
                    "text": "Business"
                },
				{
					"box": [451,390,541,420],
					"text": "Corporaion"
				}
            ],
            "linking": [
                [16, 19]
            ]
        },
		{
            "id": 23,
            "text": "Name of principal reporting corporation",
            "box": [83,479,397,508],
            "label": "question",
            "words": [{
                    "box": [86,482,133,505],
                    "text": "Name"
                },
				{
                    "box": [134,484,158,505],
                    "text": "of"
                },
				{
					"box": [159,481,231,506],
					"text": "principal"
				},
				{
					"box": [232,484,306,504],
					"text": "reporting"
				},
				{
					"box": [305,482,398,504],
					"text": "corporation"
				}
            ],
            "linking": [
                [23, 29]
            ]
        },
		{
            "id": 29,
            "text": "XYZ fIREWORK Ltd.",
            "box": [119,511,433,541],
            "label": "answer",
            "words": [{
                    "box": [121,510,185,541],
                    "text": "XYZ"
                },
				{
                    "box": [192,511,350,541],
                    "text": "fIREWORK"
                },
				{
					"box": [352,513,430,539],
					"text": "Ltd."
				}
            ],
            "linking": [
                [23, 29]
            ]
        },
		{
            "id": 34,
            "text": "Federal Identification number",
            "box": [765,243,1003,265],
            "label": "question",
            "words": [{
                    "box": [767,243,834,262],
                    "text": "Federal"
                },
				{
                    "box": [836,240,935,263],
                    "text": "Identification"
                },
				{
					"box": [938,244,1002,264],
					"text": "number"
				}
            ],
            "linking": [
                [34, 37]
            ]
        },
		{
            "id": 37,
            "text": "222222222",
            "box": [817,270,999,301],
            "label": "answer",
          
            "linking": [
                [34, 37]
            ]
        },
		{
            "id": 38,
            "text": "Member's PBA code",
            "box": [1089,239,1261,265],
            "label": "question",
            "words": [{
                    "box": [767,243,834,262],
                    "text": "Member's"
                },
				{
                    "box": [1091,240,1172,264],
                    "text": "PBA"
                },
				{
					"box": [1212,241,1257,264],
					"text": "code"
				}
            ],
            "linking": [
                [38, 42]
            ]
        },
		{
            "id": 42,
            "text": "222222222",
            "box": [1091,270,1209,304],
            "label": "answer",
          
            "linking": [
                [38, 42]
            ]
        },
		{
            "id": 43,
            "text": "City/Town",
            "box": [773,298,860,326],
            "label": "question",
          
            "linking": [
                [43, 44]
            ]
        },
		{
            "id": 44,
            "text": "ABC kkk",
            "box": [720,331,866,361],
            "label": "answer",
            "words": [{
                    "box": [722,330,787,359],
                    "text": "ABC"
                },
				{
                    "box": [787,331,864,361],
                    "text": "kkk"
                }
            ],
            "linking": [
                [43, 44]
            ]
        },
		{
            "id": 47,
            "text": "State",
            "box": [1092,305,1144,326],
            "label": "question",
          
            "linking": [
                [47, 48]
            ]
        },
		{
            "id": 48,
            "text": "zz",
            "box": [1073,331,1129,359],
            "label": "answer",
          
            "linking": [
                [47, 48]
            ]
        },
		{
            "id": 49,
            "text": "Zip",
            "box": [1199,301,1235,325],
            "label": "question",
          
            "linking": [
                [49, 50]
            ]
        },
		{
            "id": 50,
            "text": "90091",
            "box": [1217,331,1317,359],
            "label": "answer",
          
            "linking": [
                [49, 50]
            ]
        },
		{
            "id": 51,
            "text": "Federal Identification number",
            "box": [767,480,999,508],
            "label": "question",
            "words": [{
                    "box": [768,479,835,507],
                    "text": "Federal"
                },
				{
                    "box": [836,482,936,506],
                    "text": "Identification"
                },
				{
					"box": [937,483,999,507],
					"text": "number"
				}
            ],
            "linking": [
                [51, 55]
            ]
        },
		{
            "id": 55,
            "text": "999999999",
            "box": [821,513,996,547],
            "label": "answer",
          
            "linking": [
                [51, 55]
            ]
        },
		{
            "id": 56,
            "text": "Member's number of worldwide employee",
            "box": [126,783,1141,813],
            "label": "question",
            "words": [{
                        "box": [127,784,221,810],
                        "text": "Member's"
                      },
				      {
                        "box": [222,783,294,811],
                        "text": "number"
                      },
					  {
                        "box": [294,784,319,811],
                        "text": "of"
                      },
					  {
                        "box": [319,786,414,813],
                        "text": "worldwide"
                      },
					  {
                        "box": [415,784,513,814],
                        "text": "employee"
                      }
                     ],
            "linking": [
                [56, 57]
            ]
        },
		{
            "id": 57,
            "text": "9,312.",
            "box": [1189,778,1437,810],
            "label": "answer",
          
            "linking": [
                [56, 57]
            ]
        },
		{
            "id": 58,
            "text": "Member's total assets per tax year ending books",
            "box": [126,816,1123,847],
            "label": "question",
            "words": [{
                        "box": [128,815,222,846],
                        "text": "Member's"
                      },
				      {
                        "box": [221,813,265,845],
                        "text": "total"
                      },
					  {
                        "box": [267,815,330,845],
                        "text": "assets"
                      },
					  {
                        "box": [331,816,363,845],
                        "text": "per"
                      },
					  {
                        "box": [364,816,398,846],
                        "text": "tax"
                      },
					  {
                        "box": [396,816,438,846],
                        "text": "year"
                      },
					  {
                        "box": [437,816,500,846],
                        "text": "ending"
                      },
					  {
                        "box": [501,814,564,847],
                        "text": "books"
                      }
                     ],
            "linking": [
                [58, 59]
            ]
        },
		{
            "id": 59,
            "text": "9,083,994,187.",
            "box": [1188,808,1438,839],
            "label": "answer",
          
            "linking": [
                [58, 59]
            ]
        },
		{
            "id": 60,
            "text": "Member's Massachusetts apportioned share of combined section 1231 gain or loss (from schedule U-MSI, line 33)",
            "box": [128,869,1121,901],
            "label": "question",
            "words": [{
                        "box": [128,873,222,904],
                        "text": "Member's"
                      },
				      {
                        "box": [223,873,364,904],
                        "text": "Massachusetts"
                      },
					  {
                        "box": [364,876,475,904],
                        "text": "apportioned"
                      },
					  {
                        "box": [476,874,530,900],
                        "text": "share"
                      },
					  {
                        "box": [531,875,554,901],
                        "text": "of"
                      },
					  {
                        "box": [555,875,647,901],
                        "text": "combined"
                      },
					  {
                        "box": [648,876,714,902],
                        "text": "section"
                      },
					  {
                        "box": [714,875,759,901],
                        "text": "1231"
                      },
					  {
                        "box": [761,877,802,903],
                        "text": "gain"
                      },
					  {
                        "box": [802,877,822,903],
                        "text": "or"
                      },
					  {
                        "box": [824,876,865,902],
                        "text": "loss"
                      },
					  {
                        "box": [863,878,911,904],
                        "text": "(from"
                      },
					  {
                        "box": [911,877,988,903],
                        "text": "Schedule"
                      },
					  {
                        "box": [987,877,1040,903],
                        "text": "U-MSI,"
                      },
					  {
                        "box": [1044,877,1076,903],
                        "text": "line"
                      },
					  {
                        "box": [1075,876,1107,902],
                        "text": "33)"
                      }
                     ],
            "linking": [
                [60, 61]
            ]
        },
		{
            "id": 61,
            "text": "-964.",
            "box": [1188,869,1436,898],
            "label": "answer",
          
            "linking": [
                [60, 61]
            ]
        },
		{
            "id": 62,
            "text": "Member's Massachusetts apportioned share of combined capital gain or loss (from Schedule U-MSI, line 31)",
            "box": [126,1024,1124,1053],
            "label": "question",
            "words": [{
                        "box": [128,1024,224,1050],
                        "text": "Member's"
                      },
				      {
                        "box": [223,1024,364,1050],
                        "text": "Massachusetts"
                      },
					  {
                        "box": [364,876,475,904],
                        "text": "apportioned"
                      },
					  {
                        "box": [476,1027,530,1053],
                        "text": "share"
                      },
					  {
                        "box": [531,1027,554,1053],
                        "text": "of"
                      },
					  {
                        "box": [554,1027,650,1053],
                        "text": "combined"
                      },
					  {
                        "box": [648,1027,709,1053],
                        "text": "capital"
                      },
					  {
                        "box": [709,1028,750,1054],
                        "text": "gain"
                      },
					  {
                        "box": [750,1027,774,1051],
                        "text": "or"
                      },
					  {
                        "box": [772,1027,811,1051],
                        "text": "loss"
                      },
					  {
                        "box": [811,1026,863,1050],
                        "text": "(from"
                      },
					  {
                        "box": [863,1025,948,1049],
                        "text": "Schedule"
                      },
					  {
                        "box": [945,1025,1008,1049],
                        "text": "U-MSI,"
                      },
					  {
                        "box": [1010,1027,1046,1051],
                        "text": "line"
                      },
					  {
                        "box": [1046,1026,1079,1050],
                        "text": "31)"
                      }
                     ],
            "linking": [
                [62, 63]
            ]
        },
		{
            "id": 63,
            "text": "9,029.",
            "box": [1188,1018,1437,1050],
            "label": "answer",
          
            "linking": [
                [62, 63]
            ]
        },
		{
            "id": 64,
            "text": "Member's net Massachusetts capital gain. Combine lines 15 through 17. If a loss, enter 0",
            "box": [126,1082,1128,1112],
            "label": "question",
            "words": [{
                        "box": [130,1086,225,1110],
                        "text": "Member's"
                      },
					  {
                        "box": [224,1087,256,1111],
                        "text": "net"
                      },
				      {
                        "box": [258,1085,403,1109],
                        "text": "Massachusetts"
                      },
					    {
                        "box": [399,1086,461,1110],
                        "text": "capital"
                      },
					   {
                        "box": [463,1088,508,1112],
                        "text": "gain."
                      },
					  {
                        "box": [511,1087,600,1111],
                        "text": "combine"
                      },
					  {
                        "box": [597,1085,644,1109],
                        "text": "lines"
                      },
					  {
                        "box": [645,1085,670,1109],
                        "text": "15"
                      },
					  {
                        "box": [670,1085,742,1109],
                        "text": "through"
                      },
					  {
                        "box": [742,1086,769,1110],
                        "text": "17."
                      },
					  {
                        "box": [771,1085,792,1109],
                        "text": "if"
                      },
					  {
                        "box": [789,1088,810,1112],
                        "text": "a"
                      },
					  {
                        "box": [805,1086,846,1110],
                        "text": "loss,"
                      },
					  {
                        "box": [849,1087,900,1111],
                        "text": "enter"
                      },
					  {
                        "box": [897,1087,916,1111],
                        "text": "0"
                      }
                     ],
            "linking": [
                [64, 65]
            ]
        },
		{
            "id": 65,
            "text": "2,029.",
            "box": [1188,1079,1438,1108],
            "label": "answer",
          
            "linking": [
                [64, 65]
            ]
        },
		{
            "id": 66,
            "text": "Member's net Massachusetts section 1231 loss. Enter as a negative if the total of lines 11 and 12 is less than 0",
            "box": [126,1142,1126,1171],
            "label": "question",
            "words": [{
                        "box": [129,1145,223,1169],
                        "text": "Member's"
                      },
					  {
                        "box": [223,1146,256,1170],
                        "text": "net"
                      },
				      {
                        "box": [259,1145,397,1169],
                        "text": "Massachusetts"
                      },
					    {
                        "box": [399,1146,469,1170],
                        "text": "section"
                      },
					   {
                        "box": [470,1146,519,1170],
                        "text": "1231"
                      },
					  {
                        "box": [519,1146,566,1170],
                        "text": "loss."
                      },
					  {
                        "box": [568,1146,623,1170],
                        "text": "Enter"
                      },
					  {
                        "box": [623,1146,649,1170],
                        "text": "as"
                      },
					  {
                        "box": [649,1146,667,1170],
                        "text": "a"
                      },
					  {
                        "box": [668,1147,747,1171],
                        "text": "negative"
                      },
					  {
                        "box": [745,1146,762,1170],
                        "text": "if"
                      },
					  {
                        "box": [762,1147,792,1171],
                        "text": "the"
                      },
					  {
                        "box": [793,1145,834,1169],
                        "text": "total"
                      },
					  {
                        "box": [835,1145,855,1169],
                        "text": "of"
                      },
					  {
                        "box": [856,1146,900,1170],
                        "text": "lines"
                      },
					  {
                        "box": [901,1144,926,1168],
                        "text": "11"
                      },
					  {
                        "box": [927,1146,965,1170],
                        "text": "and"
                      },
					  {
                        "box": [966,1145,990,1169],
                        "text": "12"
                      },
					  {
                        "box": [990,1146,1009,1170],
                        "text": "is"
                      },
					  {
                        "box": [1009,1146,1047,1170],
                        "text": "less"
                      },
					  {
                        "box": [1049,1144,1090,1168],
                        "text": "than"
                      },
					  {
                        "box": [1091,1145,1112,1169],
                        "text": "0"
                      }
                     ],
            "linking": [
                [66, 67]
            ]
        },
		{
            "id": 67,
            "text": "-164.",
            "box": [1188,1141,1437,1168],
            "label": "answer",
          
            "linking": [
                [66, 67]
            ]
        },
		{
            "id": 68,
            "text": "Member's Massachusetts apportioned share of combined income other than gains or losses",
            "box": [126,1171,1127,1202],
            "label": "question",
            "words": [{
                        "box": [129,1176,223,1200],
                        "text": "Member's"
                      },
				      {
                        "box": [222,1176,366,1200],
                        "text": "Massachusetts"
                      },
					    {
                        "box": [365,1176,476,1200],
                        "text": "apportioned"
                      },
					   {
                        "box": [475,1176,532,1200],
                        "text": "share"
                      },
					  {
                        "box": [532,1177,556,1201],
                        "text": "of"
                      },
					  {
                        "box": [555,1176,646,1200],
                        "text": "combined"
                      },
					  {
                        "box": [646,1175,713,1199],
                        "text": "income"
                      },
					  {
                        "box": [712,1176,762,1200],
                        "text": "other"
                      },
					  {
                        "box": [760,1176,803,1200],
                        "text": "than"
                      },
					  {
                        "box": [803,1178,855,1202],
                        "text": "gains"
                      },
					  {
                        "box": [854,1177,877,1201],
                        "text": "or"
                      },
					  {
                        "box": [877,1176,937,1200],
                        "text": "losses"
                      }
					 
                     ],
            "linking": [
                [68, 69]
            ]
        },
		{
            "id": 69,
            "text": "15,642.",
            "box": [1189,1170,1438,1200],
            "label": "answer",
          
            "linking": [
                [68, 69]
            ]
        },
		{
            "id": 70,
            "text": "Combine lines 18 through 23",
            "box": [126,1261,1126,1293],
            "label": "question",
            "words": [{
                        "box": [129,1266,216,1290],
                        "text": "Combine"
                      },
				      {
                        "box": [214,1265,263,1289],
                        "text": "lines"
                      },
					    {
                        "box": [265,1265,291,1289],
                        "text": "18"
                      },
					   {
                        "box": [293,1265,367,1289],
                        "text": "through"
                      },
					  {
                        "box": [365,1267,393,1291],
                        "text": "23"
                      }
                     ],
            "linking": [
                [70, 71]
            ]
        },
		{
            "id": 71,
            "text": "17,507.",
            "box": [1189,1260,1437,1288],
            "label": "answer",
          
            "linking": [
                [70, 71]
            ]
        },
		{
            "id": 72,
            "text": "Subtract line 25 from line 24",
            "box": [126,1323,1126,1353],
            "label": "question",
            "words": [{
                        "box": [131,1324,214,1348],
                        "text": "Subtract"
                      },
				      {
                        "box": [211,1326,249,1350],
                        "text": "line"
                      },
					    {
                        "box": [249,1325,278,1349],
                        "text": "25"
                      },
					   {
                        "box": [278,1327,324,1351],
                        "text": "from"
                      },
					  {
                        "box": [324,1326,362,1350],
                        "text": "line"
                      },
					  {
                        "box": [360,1326,389,1350],
                        "text": "24"
                      }
                     ],         
            "linking": [
                [72, 73]
            ]
        },
		{
            "id": 73,
            "text": "19,507.",
            "box": [1189,1319,1436,1347],
            "label": "answer",
          
            "linking": [
                [72, 73]
            ]
        },
		{
            "id": 74,
            "text": "Member's taxable income or loss, Subtract line 27 from line 26",
            "box": [125,1380,1143,1411],
            "label": "question",
            "words": [{
                        "box": [129,1386,222,1410],
                        "text": "Member's"
                      },
				      {
                        "box": [224,1386,293,1410],
                        "text": "taxable"
                      },
					    {
                        "box": [293,1384,362,1408],
                        "text": "income"
                      },
					   {
                        "box": [363,1386,387,1410],
                        "text": "or"
                      },
					  {
                        "box": [387,1384,430,1408],
                        "text": "loss,"
                      },
					  {
                        "box": [435,1384,517,1408],
                        "text": "Subtract"
                      },
					  {
                        "box": [515,1385,551,1409],
                        "text": "line"
                      },
					    {
                        "box": [552,1385,578,1409],
                        "text": "27"
                      },
					   {
                        "box": [579,1387,623,1411],
                        "text": "from"
                      },
					  {
                        "box": [623,1386,658,1410],
                        "text": "line"
                      },
					  {
                        "box": [657,1384,685,1408],
                        "text": "26"
                      }
                     ],                  
            "linking": [
                [74, 75]
            ]
        },
		{
            "id": 75,
            "text": "17,507.",
            "box": [1187,1379,1438,1407],
            "label": "answer",
          
            "linking": [
                [74, 75]
            ]
        },
		{
            "id": 76,
            "text": "Applicable tax rate (enter as a decimal). See instructions for rates applicable by tax type and entity",
            "box": [125,1413,1126,1442],
            "label": "question",
            "words": [{
                        "box": [129,1416,227,1440],
                        "text": "Applicable"
                      },
				      {
                        "box": [228,1417,259,1441],
                        "text": "tax"
                      },
					    {
                        "box": [261,1416,301,1440],
                        "text": "rate"
                      },
					   {
                        "box": [302,1415,359,1439],
                        "text": "(enter"
                      },
					  {
                        "box": [359,1417,385,1441],
                        "text": "as"
                      },
					  {
                        "box": [386,1415,404,1439],
                        "text": "a"
                      },
					  {
                        "box": [403,1417,489,1441],
                        "text": "decimal)."
                      },
					    {
                        "box": [490,1416,533,1440],
                        "text": "See"
                      },
					   {
                        "box": [533,1417,643,1441],
                        "text": "instructions"
                      },
					  {
                        "box": [642,1415,673,1439],
                        "text": "for"
                      },
					  {
                        "box": [673,1415,721,1439],
                        "text": "rates"
                      },
					  					  {
                        "box": [723,1415,811,1439],
                        "text": "applicable"
                      },
					  {
                        "box": [811,1416,835,1440],
                        "text": "by"
                      },
					    {
                        "box": [836,1415,865,1439],
                        "text": "tax"
                      },
					   {
                        "box": [865,1416,904,1440],
                        "text": "type"
                      },
					  {
                        "box": [905,1415,944,1439],
                        "text": "and"
                      },
					  {
                        "box": [942,1416,991,1440],
                        "text": "entity"
                      }
                     ],            
            "linking": [
                [76, 77]
            ]
        },
		{
            "id": 77,
            "text": "0",
            "box": [1190,1408,1438,1439],
            "label": "answer",
          
            "linking": [
                [76, 77]
            ]
        },
		{
            "id": 78,
            "text": "Income measure of excise. Multiply line 28 by line 29. if a loss, enter 0",
            "box": [125,1443,1134,1473],
            "label": "question",
            "words": [{
                        "box": [130,1446,202,1470],
                        "text": "Income"
                      },
				      {
                        "box": [203,1447,286,1471],
                        "text": "measure"
                      },
					    {
                        "box": [285,1447,307,1471],
                        "text": "of"
                      },
					   {
                        "box": [309,1449,374,1473],
                        "text": "excise."
                      },
					  {
                        "box": [376,1445,450,1469],
                        "text": "Multiply"
                      },
					  {
                        "box": [453,1446,489,1470],
                        "text": "line"
                      },
					  {
                        "box": [490,1446,514,1470],
                        "text": "28"
                      },
					    {
                        "box": [516,1447,540,1471],
                        "text": "by"
                      },
					   {
                        "box": [541,1445,574,1469],
                        "text": "line"
                      },
					  {
                        "box": [576,1445,603,1469],
                        "text": "29."
                      },
					  {
                        "box": [606,1447,625,1471],
                        "text": "if"
                      },
					  					  {
                        "box": [625,1447,641,1471],
                        "text": "a"
                      },
					  {
                        "box": [640,1448,683,1472],
                        "text": "loss,"
                      },
					    {
                        "box": [684,1448,734,1472],
                        "text": "enter"
                      },
					   {
                        "box": [732,1445,752,1469],
                        "text": "0"
                      }
                     ],        
            "linking": [
                [78, 79]
            ]
        },
		{
            "id": 79,
            "text": "1,401.",
            "box": [1189,1441,1438,1467],
            "label": "answer",
          
            "linking": [
                [78, 79]
            ]
        },
		{
            "id": 80,
            "text": "Member's tangible property percentage (business corporations only)",
            "box": [126,1500,1126,1532],
            "label": "question",
            "words": [{
                        "box": [131,1505,221,1529],
                        "text": "Member's"
                      },
				      {
                        "box": [225,1507,300,1531],
                        "text": "tangible"
                      },
					    {
                        "box": [299,1507,379,1531],
                        "text": "property"
                      },
					   {
                        "box": [380,1507,485,1531],
                        "text": "percentage"
                      },
					  {
                        "box": [486,1507,577,1531],
                        "text": "(business"
                      },
					  {
                        "box": [576,1506,683,1530],
                        "text": "corporations"
                      },
					  {
                        "box": [683,1507,732,1531],
                        "text": "only)"
                      }
					  
                     ], 
            "linking": [
                [80, 81]
            ]
        },
		{
            "id": 81,
            "text": "NONE",
            "box": [1188,1499,1437,1527],
            "label": "answer",
          
            "linking": [
                [80, 81]
            ]
        },
		{
            "id": 82,
            "text": "Member's taxable net worth, if applicable",
            "box": [127,1563,1126,1591],
            "label": "question",
            "words": [{
                        "box": [128,1565,223,1589],
                        "text": "Member's"
                      },
				      {
                        "box": [221,1567,295,1591],
                        "text": "taxable"
                      },
					    {
                        "box": [292,1566,325,1590],
                        "text": "net"
                      },
					   {
                        "box": [326,1568,385,1592],
                        "text": "worth,"
                      },
					  {
                        "box": [386,1567,405,1591],
                        "text": "if"
                      },
					  {
                        "box": [406,1568,497,1591],
                        "text": "applicable"
                      }],
            "linking": [
                [82, 83]
            ]
        },
		{
            "id": 83,
            "text": "1,875,923.",
            "box": [1188,1558,1438,1589],
            "label": "answer",
          
            "linking": [
                [82, 83]
            ]
        },
		{
            "id": 84,
            "text": "Number of months in member's taxable year",
            "box": [127,1595,1126,1620],
            "label": "question",
            "words": [{
                        "box": [126,1597,207,1620],
                        "text": "Number"
                      },
				      {
                        "box": [207,1596,230,1619],
                        "text": "of"
                      },
					    {
                        "box": [231,1596,304,1619],
                        "text": "months"
                      },
					   {
                        "box": [302,1597,324,1620],
                        "text": "in"
                      },
					  {
                        "box": [326,1598,418,1621],
                        "text": "member's"
                      },
					  {
                        "box": [414,1598,482,1621],
                        "text": "taxable"
                      },
					  {
                        "box": [478,1598,522,1621],
                        "text": "year"
                      }
					  
                     ],
            "linking": [
                [84, 85]
            ]
        },
		{
            "id": 85,
            "text": "12.",
            "box": [1188,1589,1438,1618],
            "label": "answer",
          
            "linking": [
                [84, 85]
            ]
        },
		{
            "id": 86,
            "text": "Total taxes due before credits. See instructions",
            "box": [127,1713,1137,1741],
            "label": "question",
            "words": [{
                        "box": [126,1717,180,1740],
                        "text": "Total"
                      },
				      {
                        "box": [180,1717,229,1740],
                        "text": "taxes"
                      },
					    {
                        "box": [231,1716,272,1739],
                        "text": "due"
                      },
					   {
                        "box": [272,1717,336,1740],
                        "text": "before"
                      },
					  {
                        "box": [333,1716,397,1739],
                        "text": "credits."
                      },
					  {
                        "box": [400,1716,440,1739],
                        "text": "See"
                      },
					  {
                        "box": [439,1717,544,1740],
                        "text": "instructions"
                      }], 
            "linking": [
                [86, 87]
            ]
        },
		{
            "id": 87,
            "text": "6,278.",
            "box": [1189,1710,1437,1739],
            "label": "answer",
          
            "linking": [
                [86, 87]
            ]
        },
		{
            "id": 88,
            "text": "Non-income measure of excise (from line 32 or 33, if applicable)",
            "box": [127,1623,1127,1652],
            "label": "question",
            "words": [{
                        "box": [130,1625,245,1648],
                        "text": "Non-income"
                      },
				      {
                        "box": [244,1626,329,1649],
                        "text": "measure"
                      },
					    {
                        "box": [327,1626,351,1649],
                        "text": "of"
                      },
					   {
                        "box": [351,1626,415,1649],
                        "text": "excise"
                      },
					  {
                        "box": [414,1627,464,1650],
                        "text": "(from"
                      },
					  {
                        "box": [466,1626,498,1649],
                        "text": "line"
                      },
					  {
                        "box": [500,1626,525,1649],
                        "text": "32"
                      },
                      {
                        "box": [527,1627,548,1650],
                        "text": "or"
                      },
					  {
                        "box": [550,1626,574,1649],
                        "text": "33,"
                      },
					  {
                        "box": [580,1625,598,1648],
                        "text": "if"
                      },
					  {
                        "box": [596,1628,696,1651],
                        "text": "applicable)"
                      }],
            "linking": [
                [88, 89]
            ]
        },
		{
            "id": 89,
            "text": "9,877.",
            "box": [1188,1618,1437,1647],
            "label": "answer",
          
            "linking": [
                [88, 89]
            ]
        },
		{
            "id": 90,
            "text": "Member's net tax liability. Subtract line 40 from line 37",
            "box": [127,1829,1141,1859],
            "label": "question",
			            
            "words": [{
                        "box": [127,1837,224,1860],
                        "text": "Member's"
                      },
				      {
                        "box": [222,1838,256,1861],
                        "text": "net"
                      },
					    {
                        "box": [257,1837,290,1860],
                        "text": "tax"
                      },
					   {
                        "box": [289,1836,363,1859],
                        "text": "liability."
                      },
					  {
                        "box": [362,1835,445,1858],
                        "text": "Subtract"
                      },
					  {
                        "box": [444,1835,481,1858],
                        "text": "line"
                      },
					  {
                        "box": [482,1836,508,1859],
                        "text": "40"
                      },
{
                        "box": [511,1838,555,1861],
                        "text": "from"
                      },
					  {
                        "box": [554,1837,590,1860],
                        "text": "line"
                      },
					  {
                        "box": [590,1836,616,1859],
                        "text": "37"
                      }],				  
            "linking": [
                [90, 91]
            ]
        },
		{
            "id": 91,
            "text": "6,278.",
            "box": [1188,1618,1437,1647],
            "label": "answer",
          
            "linking": [
                [90, 91]
            ]
        }
    ]
}
