{
    "form": [{
            "id": 9,
            "text": "For calendar year 2020 or taxable period beginning",
            "box": [86.01,241.00,567.10,269.10],
            "linking": [
                [9, 10]
            ],
            "label": "question",
            "words": [{
                    "text": "For",
                    "box":[86.01,245.00,124.85,266.78]
                },{
                    "text": "calendar",
                    "box":[129.99,249.00,209.78,270.68]
                },{
                    "text": "year",
                    "box":[210.95,245.00,254.80,265.78]
                },{
                    "text": "2020",
                    "box":[258.93,245.00,302.65,266.86]
                },{
                    "text": "or",
                    "box":[308.91,247.00,328.79,264.78]
                },{
                    "text": "taxable",
                    "box":[332.90,246.00,399.73,264.83]
                },{
                    "text": "period",
                    "box":[404.87,249.00,464.70,266.78]
                },{
                    "text": "beginning",
                    "box":[404.87,249.00,464.70,266.78]
                }

            ]
        }, {
            "id": 10,
            "text": "9/9/2022",
            "box": [586.87,245.00,786.87,267.77],
            "label": "answer",
            "words": [{
                    "box": [586.87,245.00,786.87,267.77],
                    "text": "9/9/2022"
                }
            ],
            "linking": [
                [9, 10]
            ]
        }, {
            "id": 14,
            "text": "2020 and ending",
            "box": [916.65,243.00,1092.42,270.07],
            "linking": [
                [14, 15]
            ],
            "label": "question",
            "words": [{
                    "text": "2020",
                    "box":[919.65,245.00,975.48,268.10]
                },{
                    "text": "and",
                    "box":[973.62,245.00,1015.42,265.02]
                },{
                    "text": "ending",
                    "box":[1019.60,246.00,1083.43,266.01]
                }
            ]
        }, {
            "id": 15,
            "text": "12/12/2022",
            "box": [1168.54,244.00,1350.31,268.11],
            "label": "answer",
            "words": [{
					"text": "12/12/2022",
                    "box":[1168.54,244.00,1350.31,268.11]
                }

            ],
            "linking": [
                [14, 15]
            ]
        },{
            "id": 21,
            "text": "Name of principal reporting corporation",
            "box": [87.01,272.00,405.71,299.22],
            "linking": [
                [21, 27]
            ],
            "label": "question",
            "words": [{
                    "text": "Name",
                    "box":[88.01,273.00,136.82,292.16]
                },{
                    "text": "of",
                    "box":[141.98,275.00,157.75,292.21]
                },{
                    "text": "principal",
                    "box":[161.97,276.00,232.77,292.00]
                },{
                    "text": "reporting",
                    "box":[235.94,277.00,307.74,293.94]
                },{
                    "text": "corporation",
                    "box":[307.91,276.00,396.72,295.01]
                }


            ]
        }, {
            "id": 27,
            "text": "PRD Petfoods Ltd. & Fooddiaris",
            "box": [117.99,300.00,673.72,327.10],
            "label": "answer",
            "words": [{
                    "text": "PRD",
                    "box":[120.99,305.00,180.79,328.11]
                },{
                    "text": "Petfoods",
                    "box":[189.96,304.00,341.73,332.10]
                },{
                    "text": "Ltd.",
                    "box":[349.89,304.00,430.73,327.11]
                },{
                    "text": "&",
                    "box":[437.85,305.00,470.71,328.11]
                },{
                    "text": "Fooddiaris",
                    "box":[479.84,305.00,664.59,328.03]
                }


            ],
            "linking": [
                [21, 27]
            ]
        },{
            "id": 31,
            "text": "Federal Identification number",
            "box": [778.71,272.00,1013.45,296.77],
            "linking": [
                [31, 32]
            ],
            "label": "question",
            "words": [{
                    "text": "Federal",
                    "box":[780.71,274.00,842.49,293.74]
                },{
                    "text": "Identification",
                    "box":[847.68,275.00,945.47,293.79]
                },{
                    "text": "number",
                    "box":[948.63,275.00,1008.41,293.78]
                }
            ]
        }, {
            "id": 32,
            "text": "777777777",
            "box": [825.69,303.00,990.66,327.73],
            "label": "answer",
            "words": [{
                    "text": "777777777",
                    "box":[825.69,303.00,990.66,327.73]
                }
            ],
            "linking": [
                [31, 32]
            ]
        },{
            "id": 35,
            "text": "Principal address",
            "box": [88.01,333.00,228.32,357.73],
            "linking": [
                [35, 39]
            ],
            "label": "question",
            "words": [{
                    "text": "Principal",
                    "box":[88.01,334.00,154.79,355.02]
                },{
                    "text": "address",
                    "box":[158.97,335.00,223.75,354.01]
                }

            ]
        }, {
            "id": 39,
            "text": "99 Food Plant",
            "box": [85.01,358.00,326.74,392.76],
            "label": "answer",
            "words": [{
                    "text": "99",
                    "box":[89.00,362.00,132.80,386.77]
                },{
                    "text": "Food",
                    "box":[137.98,363.00,218.81,386.69]
                },{
                    "text": "Plant",
                    "box":[224.95,363.00,321.77,387.77]
                }

            ],
            "linking": [
                [35, 39]
            ]
        },{
            "id": 40,
            "text": "City/Town",
            "box": [775.71,335.00,869.52,357.78],
            "linking": [
                [40, 43]
            ],
            "label": "question",
            "words": [{
                    "text": "City/Town",
                    "box":[775.71,335.00,869.52,357.78]
                }
            ]
        }, {
            "id": 43,
            "text": "Old Fork",
            "box": [623.77,363.00,783.56,388.77],
            "label": "answer",
            "words": [{
                    "text": "Old",
                    "box":[626.77,366.00,689.60,385.82]
                },{
                    "text": "Fork",
                    "box":[694.74,367.00,776.54,388.69]
                }
            ],
            "linking": [
                [40, 43]
            ]
        },{
            "id": 44,
            "text": "State",
            "box": [1073.58,334.00,1125.43,355.78],
            "linking": [
                [44, 45]
            ],
            "label": "question",
            "words": [{
                    "text": "State",
                    "box":[1073.58,334.00,1125.43,355.78]
                }
            ]
        }, {
            "id": 45,
            "text": "MM",
            "box": [1073.58,363.00,1124.42,384.63],
            "label": "answer",
            "words": [{
                    "text": "MM",
                    "box":[1073.58,363.00,1124.42,384.63]
                }

            ],
            "linking": [
                [44, 45]
            ]
        },{
            "id": 46,
            "text": "Zip",
            "box": [1217.52,334.00,1257.91,354.20],
            "linking": [
                [46, 47]
            ],
            "label": "question",
            "words": [{
                    "text": "Zip",
                    "box":[1217.52,334.00,1257.91,354.20]
                }

            ]
        }, {
            "id": 47,
            "text": "99999",
            "box": [1219.52,365.00,1317.19,389.77],
            "label": "answer",
            "words": [{
                    "text": "99999",
                    "box":[1219.52,365.00,1317.19,389.77]
                }


            ],
            "linking": [
                [46, 47]
            ]
        },{
            "id": 50,
            "text": "Contact person",
            "box": [85.01,394.00,208.00,418.81],
            "linking": [
                [50, 53]
            ],
            "label": "question",
            "words": [{
                    "text": "Contact",
                    "box":[89.00,397.00,149.39,413.79]
                },{
                    "text": "person",
                    "box":[152.98,398.00,203.99,412.80]
                }


            ]
        }, {
            "id": 53,
            "text": "SAL FOCELLA",
            "box": [86.01,419.00,296.75,448.77],
            "label": "answer",
            "words": [{
                    "text": "SAL",
                    "box":[87.01,420.00,144.72,448.86]
                },{
                    "text": "FOCELLA",
                    "box":[161.14,423.00,291.28,448.66]
                }


            ],
            "linking": [
                [50, 53]
            ]
        },{
            "id": 56,
            "text": "Telephone number",
            "box": [777.71,388.00,943.48,416.77],
            "linking": [
                [56, 57]
            ],
            "label": "question",
            "words": [{
                    "text": "Telephone",
                    "box":[780.71,394.00,863.72,411.79]
                },{
                    "text": "number",
                    "box":[867.67,396.00,936.51,411.72]
                }


            ]
        }, {
            "id": 57,
            "text": "555-555-5555",
            "box": [791.70,420.00,1010.44,448.77],
            "label": "answer",
            "words": [{
                    "text": "555-555-5555",
                    "box":[791.70,420.00,1010.44,448.77]
                }

            ],
            "linking": [
                [56, 57]
            ]
        },{
            "id": 67,
            "text": "Type of group (check one only):",
            "box": [115.99,455.00,405.70,483.77],
            "linking": [
                [67, 70]
            ],
            "label": "question",
            "words": [{
                    "text": "Type",
                    "box":[118.99,459.00,168.79,481.85]
                },{
                    "text": "of",
                    "box":[172.97,458.00,194.84,478.54]
                },{
                    "text": "group",
                    "box":[196.96,460.00,250.01,482.69]
                },{
                    "text": "(check",
                    "box":[253.93,461.00,314.33,480.78]
                },{
                    "text": "one",
                    "box":[316.91,458.00,348.76,480.86]
                },{
                    "text": "only):",
                    "box":[352.89,457.00,401.91,481.51]
                },{
                    "text": "Type of group (check one only):",
                    "box":[115.99,455.00,405.70,483.77]
                }

            ]
        }, {
            "id": 70,
            "text": "X Non-financial",
            "box": [574.80,451.00,745.79,478.80],
            "label": "answer",
            "words": [{
                    "text": "X",
                    "box":[578.79,455.00,622.52,476.86]
                },{
                    "text": "Non-financial",
                    "box":[624.77,455.00,743.78,478.81]
                }


            ],
            "linking": [
                [67, 70]
            ]
        },{
            "id": 83,
            "text": "Enter the number of Schedule FCI statements included in the combined report",
            "box": [121.99,785.00,815.53,815.10],
            "linking": [
                [83, 84]
            ],
            "label": "question",
            "words": [{
                    "text": "Enter",
                    "box":[122.99,786.00,175.12,812.06]
                },{
                    "text": "the",
                    "box":[177.97,785.00,205.83,812.10]
                },{
                    "text": "number",
                    "box":[208.95,786.00,283.75,810.93]
                },{
                    "text": "of",
                    "box":[288.92,788.00,307.18,810.11]
                },{
                    "text": "Schedule",
                    "box":[311.91,790.00,395.70,812.11]
                },{
                    "text": "FCI",
                    "box":[399.87,789.00,435.70,812.98]
                },{
                    "text": "statements",
                    "box":[439.85,790.00,538.21,812.77]
                },{
                    "text": "included",
                    "box":[541.81,792.00,615.63,811.78]
                },{
                    "text": "in",
                    "box":[617.78,790.00,634.67,810.78]
                },{
                    "text": "the",
                    "box":[637.77,790.00,663.56,807.79]
                },{
                    "text": "combined",
                    "box":[667.76,788.00,753.57,809.35]
                },{
                    "text": "report",
                    "box":[756.72,792.00,808.51,809.35]
                }

            ]
        }, {
            "id": 84,
            "text": "3.",
            "box": [1223.37,783.00,1437.51,804.78],
            "label": "answer",
            "words": [{
                    "text": "3.",
                    "box":[1223.37,783.00,1437.51,804.78]
                }

            ],
            "linking": [
                [83, 84]
            ]
        },{
            "id": 95,
            "text": "Last year for which any member was audited by IRS",
            "box": [121.99,820.00,588.63,843.07],
            "linking": [
                [95, 96]
            ],
            "label": "question",
            "words": [{
                    "text": "Last",
                    "box":[123.99,820.00,164.84,839.01]
                },{
                    "text": "year",
                    "box":[166.97,821.00,207.84,839.12]
                },{
                    "text": "for",
                    "box":[211.95,820.00,238.85,839.12]
                },{
                    "text": "which",
                    "box":[243.94,820.00,295.77,839.12]
                },{
                    "text": "any",
                    "box":[300.91,820.00,335.77,839.78]
                },{
                    "text": "member",
                    "box":[337.90,822.00,411.74,840.78]
                },{
                    "text": "was",
                    "box":[416.86,820.00,450.72,839.78]
                },{
                    "text": "audited",
                    "box":[453.85,822.00,518.67,839.45]
                },{
                    "text": "by",
                    "box":[521.82,821.00,541.70,841.11]
                },{
                    "text": "IRS",
                    "box":[546.81,820.00,579.60,841.48]
                }


            ]
        }, {
            "id": 96,
            "text": "2014",
            "box": [1226.51,813.00,1432.28,834.78],
            "label": "answer",
            "words": [{
                    "text": "2014",
                    "box":[1226.51,813.00,1432.28,834.78]
                }


            ],
            "linking": [
                [95, 96]
            ]
        },{
            "id": 107,
            "text": "Total number of taxable members included in the combined report",
            "box": [120.99,903.00,713.95,937.31],
            "linking": [
                [107, 108]
            ],
            "label": "question",
            "words": [{
                    "text": "Total",
                    "box":[122.99,908.00,174.17,933.32]
                },{
                    "text": "number",
                    "box":[176.97,909.00,241.35,932.32]
                },{
                    "text": "of",
                    "box":[247.94,909.00,270.19,931.43]
                },{
                    "text": "taxable",
                    "box":[274.92,910.00,337.11,931.33]
                },{
                    "text": "members",
                    "box":[340.89,908.00,426.09,932.32]
                },{
                    "text": "included",
                    "box":[429.86,908.00,507.01,932.32]
                },{
                    "text": "in",
                    "box":[509.82,910.00,529.16,932.40]
                },{
                    "text": "the",
                    "box":[533.81,910.00,563.05,929.16]
                },{
                    "text": "combined",
                    "box":[568.80,909.00,650.99,929.37]
                },{
                    "text": "report",
                    "box":[653.76,911.00,708.99,931.33]
                }


            ]
        }, {
            "id": 108,
            "text": "11.",
            "box": [1229.73,901.00,1433.51,927.28],
            "label": "answer",
            "words": [{
                    "text": "11.",
                    "box":[1229.73,901.00,1433.51,927.28]
                }


            ],
            "linking": [
                [107, 108]
            ]
        },{
            "id": 117,
            "text": "Number of non-taxable members in the combined group",
            "box": [116.99,961.00,627.13,997.19],
            "linking": [
                [117, 119]
            ],
            "label": "question",
            "words": [{
                    "text": "Number",
                    "box":[123.99,967.00,194.31,991.19]
                },{
                    "text": "of",
                    "box":[197.96,968.00,222.21,991.17]
                },{
                    "text": "non-taxable",
                    "box":[225.95,968.00,329.56,991.19]
                },{
                    "text": "members",
                    "box":[334.90,969.00,417.86,992.28]
                },{
                    "text": "in",
                    "box":[422.86,970.00,442.02,988.51]
                },{
                    "text": "the",
                    "box":[445.85,968.00,477.12,989.53]
                },{
                    "text": "combined",
                    "box":[480.83,971.00,565.16,988.34]
                },{
                    "text": "group",
                    "box":[567.80,971.00,618.13,992.33]
                }


            ]
        }, {
            "id": 119,
            "text": "11.",
            "box": [1229.73,901.00,1433.51,927.28],
            "label": "answer",
            "words": [{
                    "text": "52",
                    "box":[1234.51,962.00,1434.51,987.32]
                }



            ],
            "linking": [
                [117, 119]
            ]
        },{
            "id": 125,
            "text": "Number of U.S. Schedules M-3 filed",
            "box": [119.99,999.00,443.55,1022.32],
            "linking": [
                [125, 126]
            ],
            "label": "question",
            "words": [{
                    "text": "Number",
                    "box":[123.99,1002.00,197.18,1021.33]
                },{
                    "text": "of",
                    "box":[201.96,1000.00,223.17,1019.84]
                },{
                    "text": "U.S.",
                    "box":[225.95,1000.00,266.92,1020.49]
                },{
                    "text": "Schedules",
                    "box":[266.93,1002.00,357.91,1022.23]
                },{
                    "text": "M-3",
                    "box":[360.89,1002.00,397.23,1020.17]
                },{
                    "text": "filed",
                    "box":[398.87,1003.00,439.81,1021.38]
                }



            ]
        }, {
            "id": 126,
            "text": "1.",
            "box": [1234.51,992.00,1434.51,1017.35],
            "label": "answer",
            "words": [{
                    "text": "1.",
                    "box":[1234.51,992.00,1434.51,1017.35]
                }

            ],
            "linking": [
                [125, 126]
            ]
        },{
            "id": 135,
            "text": "Number of U.S. Forms 5471 filed by members",
            "box": [118.99,1031.00,531.03,1054.32],
            "linking": [
                [135, 136]
            ],
            "label": "question",
            "words": [{
                    "text": "Number",
                    "box":[120.99,1031.00,199.29,1054.32]
                },{
                    "text": "of",
                    "box":[201.96,1030.00,221.16,1049.09]
                },{
                    "text": "U.S.",
                    "box":[222.95,1030.00,265.23,1051.14]
                },{
                    "text": "Forms",
                    "box":[269.93,1032.00,328.27,1049.42]
                },{
                    "text": "5471",
                    "box":[331.90,1031.00,375.54,1048.22]
                },{
                    "text": "filed",
                    "box":[380.88,1031.00,419.22,1050.17]
                },{
                    "text": "by",
                    "box":[420.86,1030.00,442.19,1049.52]
                },{
                    "text": "members",
                    "box":[449.85,1031.00,527.50,1052.24]
                }

            ]
        }, {
            "id": 136,
            "text": "20.",
            "box": [1236.50,1023.00,1436.50,1048.32],
            "label": "answer",
            "words": [{
                    "text": "20.",
                    "box":[1236.50,1023.00,1436.50,1048.32]
                }

            ],
            "linking": [
                [135, 136]
            ]
        },{
            "id": 146,
            "text": "Total business corporation measure of excise due from members",
            "box": [121.99,1175.00,689.96,1204.32],
            "linking": [
                [146, 147]
            ],
            "label": "question",
            "words": [{
                    "text": "Total",
                    "box":[124.99,1177.00,173.34,1199.36]
                },{
                    "text": "business",
                    "box":[174.97,1177.00,255.93,1201.28]
                },{
                    "text": "corporation",
                    "box":[260.93,1177.00,364.57,1201.28]
                },{
                    "text": "measure",
                    "box":[368.88,1177.00,443.85,1201.28]
                },{
                    "text": "of",
                    "box":[447.85,1177.00,465.11,1201.32]
                },{
                    "text": "excise",
                    "box":[467.84,1178.00,522.16,1202.28]
                },{
                    "text": "due",
                    "box":[526.81,1180.00,556.98,1198.83]
                },{
                    "text": "from",
                    "box":[560.80,1178.00,603.12,1199.16]
                },{
                    "text": "members",
                    "box":[608.78,1182.00,684.42,1199.29]
                }


            ]
        }, {
            "id": 147,
            "text": "505,691.",
            "box": [1230.73,1171.00,1434.64,1199.28],
            "label": "answer",
            "words": [{
                    "text": "505,691.",
                    "box":[1230.73,1171.00,1434.64,1199.28]
                }

            ],
            "linking": [
                [146, 147]
            ]
        },{
            "id": 159,
            "text": "Total excise before credits and payments. Add lines 21 through 23",
            "box": [122.99,1207.00,713.51,1232.60],
            "linking": [
                [159, 160]
            ],
            "label": "question",
            "words": [{
                    "text": "Total",
                    "box":[125.99,1211.00,172.75,1230.65]
                },{
                    "text": "excise",
                    "box":[178.97,1212.00,233.87,1232.61]
                },{
                    "text": "before",
                    "box":[240.94,1213.00,299.85,1232.69]
                },{
                    "text": "credits",
                    "box":[302.91,1210.00,360.63,1231.60]
                },{
                    "text": "and",
                    "box":[364.88,1209.00,400.65,1231.60]
                },{
                    "text": "payments.",
                    "box":[406.87,1210.00,496.61,1229.43]
                },{
                    "text": "Add",
                    "box":[501.82,1208.49,539.64,1229.60]
                },{
                    "text": "lines",
                    "box":[542.81,1209.00,585.57,1228.59]
                },{
                    "text": "21",
                    "box":[587.79,1210.00,609.51,1229.60]
                },{
                    "text": "through",
                    "box":[614.78,1205.00,683.53,1231.60]
                },{
                    "text": "23",
                    "box":[686.74,1207.00,708.60,1231.51]
                }



            ]
        }, {
            "id": 147,
            "text": "995,691.",
            "box": [1231.51,1202.00,1435.19,1229.60],
            "label": "answer",
            "words": [{
                    "text": "995,691.",
                    "box":[1231.51,1202.00,1435.19,1229.60]
                }

            ],
            "linking": [
                [159, 160]
            ]
        },{
            "id": 166,
            "text": "Excise due before voluntary contribution",
            "box": [121.99,1297.00,481.61,1322.60],
            "linking": [
                [166, 167]
            ],
            "label": "question",
            "words": [{
                    "text": "Excise",
                    "box":[122.99,1300.00,185.74,1317.61]
                },{
                    "text": "due",
                    "box":[188.96,1300.00,222.73,1319.60]
                },{
                    "text": "before",
                    "box":[227.94,1299.00,286.66,1320.60]
                },{
                    "text": "voluntary",
                    "box":[291.92,1301.00,374.66,1319.59]
                },{
                    "text": "contribution",
                    "box":[379.88,1303.00,478.62,1319.59]
                }


            ]
        }, {
            "id": 167,
            "text": "995,691.",
            "box": [1235.50,1293.00,1435.50,1316.60],
            "label": "answer",
            "words": [{
                    "text": "995,691.",
                    "box":[1235.50,1293.00,1435.50,1316.60]
                }

            ],
            "linking": [
                [166, 167]
            ]
        },{
            "id": 179,
            "text": "Excise due plus voluntary contribution. Add lines 27 and 28",
            "box": [121.99,1356.00,650.60,1381.40],
            "linking": [
                [179, 180]
            ],
            "label": "question",
            "words": [{
                    "text": "Excise",
                    "box":[123.99,1360.00,184.80,1383.60]
                },{
                    "text": "due",
                    "box":[188.96,1360.00,221.76,1380.60]
                },{
                    "text": "plus",
                    "box":[224.94,1361.00,264.74,1380.60]
                },{
                    "text": "voluntary",
                    "box":[268.93,1361.00,353.73,1380.26]
                },{
                    "text": "contribution.",
                    "box":[357.89,1362.00,470.68,1379.14]
                },{
                    "text": "Add",
                    "box":[473.84,1360.00,513.66,1379.20]
                },{
                    "text": "lines",
                    "box":[515.82,1360.00,555.64,1378.19]
                },{
                    "text": "27",
                    "box":[559.80,1360.00,583.67,1377.13]
                },{
                    "text": "and",
                    "box":[586.79,1359.00,621.59,1379.40]
                },{
                    "text": "28",
                    "box":[624.77,1359.00,646.61,1379.40]
                }



            ]
        }, {
            "id": 180,
            "text": "995,691.",
            "box": [1233.51,1351.00,1433.51,1377.44],
            "label": "answer",
            "words": [{
                    "text": "505,691.",
                    "box":[1233.51,1351.00,1433.51,1377.44]
                }

            ],
            "linking": [
                [179, 180]
            ]
        },{
            "id": 192,
            "text": "2019 overpayment applied to 2020 tax (from Schedule CG, Part 1, line 2)",
            "box": [121.00,1386.00,768.93,1412.28],
            "linking": [
                [192, 193]
            ],
            "label": "question",
            "words": [{
                    "text": "2019",
                    "box":[122.99,1389.00,169.60,1409.07]
                },{
                    "text": "overpayment",
                    "box":[175.97,1390.00,294.86,1412.57]
                },{
                    "text": "applied",
                    "box":[297.91,1393.00,362.76,1411.54]
                },{
                    "text": "to",
                    "box":[364.89,1392.00,385.80,1408.87]
                },{
                    "text": "2020",
                    "box":[387.88,1391.00,437.71,1407.87]
                },{
                    "text": "tax",
                    "box":[440.85,1392.00,469.65,1407.86]
                },{
                    "text": "(from",
                    "box":[473.84,1391.00,522.66,1410.87]
                },{
                    "text": "Schedule",
                    "box":[527.82,1392.00,609.01,1410.38]
                },{
                    "text": "CG,",
                    "box":[612.78,1391.00,644.98,1407.28]
                },{
                    "text": "Part 1,",
                    "box":[651.76,1392.00,708.95,1410.28]
                },{
                    "text": "line 2)",
                    "box":[709.74,1389.00,765.95,1409.28]
                }


            ]
        }, {
            "id": 193,
            "text": "995,691.",
            "box": [1234.51,1384.00,1434.51,1407.32],
            "label": "answer",
            "words": [{
                    "text": "216,969.",
                    "box":[1234.51,1384.00,1434.51,1407.32]
                }

            ],
            "linking": [
                [192, 193]
            ]
        },{
            "id": 208,
            "text": "Estimated tax payments (group) (from Schedule CG, Part 1, total of lines 3 through 6)",
            "box": [119.99,1417.00,875.50,1442.53],
            "linking": [
                [208, 209]
            ],
            "label": "question",
            "words": [{
                    "text": "Estimated",
                    "box":[122.99,1419.00,215.17,1441.08]
                },{
                    "text": "tax",
                    "box":[218.95,1419.00,249.09,1440.08]
                },{
                    "text": "payments",
                    "box":[251.93,1419.00,342.11,1441.08]
                },{
                    "text": "(group)",
                    "box":[345.89,1420.00,414.08,1442.08]
                },{
                    "text": "(from",
                    "box":[416.86,1419.00,466.43,1442.00]
                },{
                    "text": "Schedule",
                    "box":[470.84,1419.00,548.38,1439.00]
                },{
                    "text": "CG,",
                    "box":[550.80,1420.00,588.41,1439.00]
                },{
                    "text": "Part 1,",
                    "box":[591.79,1419.00,650.35,1439.00]
                },{
                    "text": "total",
                    "box":[653.76,1418.00,693.34,1437.79]
                },{
                    "text": "of",
                    "box":[697.74,1420.00,712.57,1438.12]
                },{
                    "text": "lines",
                    "box":[716.73,1419.00,756.56,1438.54]
                },{
                    "text": "3",
                    "box":[758.71,1419.00,773.61,1438.12]
                },{
                    "text": "through",
                    "box":[775.71,1420.00,843.52,1440.48]
                },{
                    "text": "6)",
                    "box":[847.68,1419.00,869.51,1439.45]
                }


            ]
        }, {
            "id": 209,
            "text": "390,000.",
            "box": [1235.51,1415.00,1435.51,1438.48],
            "label": "answer",
            "words": [{
                    "text": "390,000.",
                    "box":[1235.51,1415.00,1435.51,1438.48]
                }

            ],
            "linking": [
                [208, 209]
            ]
        },{
            "id": 216,
            "text": "Total payments for the combined group",
            "box": [117.99,1566.00,475.05,1594.08],
            "linking": [
                [216, 217]
            ],
            "label": "question",
            "words": [{
                    "text": "Total",
                    "box":[120.81,1570.00,171.83,1590.53]
                },{
                    "text": "payments",
                    "box":[173.97,1570.00,262.14,1590.08]
                },{
                    "text": "for",
                    "box":[264.93,1571.00,293.76,1588.02]
                },{
                    "text": "the",
                    "box":[296.91,1572.00,328.44,1587.76]
                },{
                    "text": "combined",
                    "box":[331.90,1571.00,419.41,1588.09]
                },{
                    "text": "group",
                    "box":[422.86,1572.00,471.74,1590.08]
                }


            ]
        }, {
            "id": 217,
            "text": "996,969.",
            "box": [1237.50,1560.00,1437.50,1588.08],
            "label": "answer",
            "words": [{
                    "text": "996,969.",
                    "box":[1237.50,1560.00,1437.50,1588.08]
                }

            ],
            "linking": [
                [216, 217]
            ]
        },{
            "id": 226,
            "text": "Amount overpaid. Subtract line 29 from line 36",
            "box": [118.99,1597.00,543.03,1623.08],
            "linking": [
                [226, 227]
            ],
            "label": "question",
            "words": [{
                    "text": "Amount",
                    "box":[120.99,1601.00,196.50,1621.13]
                },{
                    "text": "overpaid.",
                    "box":[198.96,1601.00,282.47,1621.08]
                },{
                    "text": "Subtract",
                    "box":[286.92,1600.00,366.44,1621.13]
                },{
                    "text": "line",
                    "box":[368.88,1600.00,404.41,1617.76]
                },{
                    "text": "29",
                    "box":[406.87,1601.00,431.11,1617.78]
                },{
                    "text": "from",
                    "box":[433.85,1600.00,478.04,1617.08]
                },{
                    "text": "line",
                    "box":[480.83,1600.00,515.70,1617.43]
                },{
                    "text": "36",
                    "box":[517.82,1600.00,538.02,1618.10]
                }


            ]
        }, {
            "id": 227,
            "text": "101,278.",
            "box": [1236.50,1594.00,1436.50,1618.28],
            "label": "answer",
            "words": [{
                    "text": "101,278.",
                    "box":[1236.50,1594.00,1436.50,1618.28]
                }

            ],
            "linking": [
                [226, 227]
            ]
        },{
            "id": 237,
            "text": "Amount overpaid to be credited to 2021 estimated tax",
            "box": [117.99,1627.00,606.74,1654.53],
            "linking": [
                [237, 238]
            ],
            "label": "question",
            "words": [{
                    "text": "Amount",
                    "box":[121.99,1630.00,195.93,1651.56]
                },{
                    "text": "overpaid",
                    "box":[197.96,1631.00,277.87,1650.60]
                },{
                    "text": "to",
                    "box":[279.92,1631.00,299.19,1648.98]
                },{
                    "text": "be",
                    "box":[301.91,1630.00,328.29,1651.56]
                },{
                    "text": "credited",
                    "box":[332.90,1631.00,407.25,1651.55]
                },{
                    "text": "to",
                    "box":[408.86,1633.00,427.24,1650.61]
                },{
                    "text": "2021",
                    "box":[431.85,1631.00,479.22,1650.56]
                },{
                    "text": "estimated",
                    "box":[481.83,1631.00,573.18,1648.56]
                },{
                    "text": "tax",
                    "box":[576.79,1630.00,602.13,1648.61]
                }



            ]
        }, {
            "id": 238,
            "text": "101,278.",
            "box": [1237.51,1623.00,1437.51,1647.54],
            "label": "answer",
            "words": [{
                    "text": "101,278.",
                    "box":[1237.51,1623.00,1437.51,1647.54]
                }

            ],
            "linking": [
                [237, 238]
            ]
        }
    ]	
	
}




