{
    "form": [{
            "id": 244,
            "text": "Name of principal reporting corporation",
            "box": [85,271,398,294],
            "linking": [
                [244, 250]
            ],
            "label": "question",
            "words": [{
                    "text": "Name",
                    "box":[86,274,137,291]
                },{
                    "text": "of",
                    "box":[138,275,156,289]
                },{
                    "text": "principal",
                    "box":[159,276,230,289]
                },{
                    "text": "reporting",
                    "box":[231,275,304,288]
                },{
                    "text": "corporation",
                    "box":[306,277,395,291]
                }

            ]
        }, {
            "id": 250,
            "text": "PRD Petfoods Ltd. & Fooddiaris",
            "box": [119,302,671,332],
            "label": "answer",
            "words": [{
                    "text": "PRD",
                    "box":[123,305,183,329]
                },{
                    "text": "Petfoods",
                    "box":[188,304,344,329]
                },{
                    "text": "Ltd.",
                    "box":[350,304,432,328]
                },{
                    "text": "&",
                    "box":[443,305,474,330]
                },{
                    "text": "Fooddiaris",
                    "box":[482,306,667,328]
                }
            ],
            "linking": [
                [244, 250]
            ]
        },{
            "id": 254,
            "text": "Federal Identification number",
            "box": [1092,266,1329,291],
            "linking": [
                [254, 255]
            ],
            "label": "question",
            "words": [{
                    "text": "Federal",
                    "box":[1096,272,1158,289]
                },{
                    "text": "Identification",
                    "box":[1161,274,1260,291]
                },{
                    "text": "number",
                    "box":[1262,275,1324,290]
                }

            ]
        }, {
            "id": 255,
            "text": "868686868",
            "box": [1132,304,1295,326],
            "label": "answer",
            "words": [{
                    "text": "868686868",
                    "box":[1132,304,1295,326]
                }
            ],
            "linking": [
                [254, 255]
            ]
        },{
            "id": 259,
            "text": "Total net sales",
            "box": [118,393,252,421],
            "linking": [
                [259, 260]
            ],
            "label": "question",
            "words": [{
                    "text": "Total",
                    "box":[122,397,171,418]
                },{
                    "text": "net",
                    "box":[173,398,202,418]
                },{
                    "text": "sales",
                    "box":[206,399,251,420]
                }

            ]
        }, {
            "id": 260,
            "text": "822,876,006.",
            "box": [1224,393,1435,419],
            "label": "answer",
            "words": [{
                    "text": "822,876,006.",
                    "box":[1224,393,1435,419]
                }
            ],
            "linking": [
                [259, 260]
            ]
        },{
            "id": 264,
            "text": "Total gross profit",
            "box": [122,458,277,488],
            "linking": [
                [264, 265]
            ],
            "label": "question",
            "words": [{
                    "text": "Total",
                    "box":[124,459,170,480]
                },{
                    "text": "gross",
                    "box":[174,460,223,482]
                },{
                    "text": "profit",
                    "box":[225,460,274,482]
                }

            ]
        }, {
            "id": 265,
            "text": "822,876,006.",
            "box": [1222,453,1434,476],
            "label": "answer",
            "words": [{
                    "text": "822,876,006.",
                    "box":[1222,453,1434,476]
                }

            ],
            "linking": [
                [264, 265]
            ]
        },{
            "id": 268,
            "text": "Total dividends",
            "box": [124,486,262,512],
            "linking": [
                [268, 269]
            ],
            "label": "question",
            "words": [{
                    "text": "Total",
                    "box":[123,490,170,510]
                },{
                    "text": "dividends",
                    "box":[173,491,258,510]
                }


            ]
        }, {
            "id": 269,
            "text": "2,922,923.",
            "box": [1224,485,1434,510],
            "label": "answer",
            "words": [{
                    "text": "2,922,923.",
                    "box":[1224,485,1434,510]
                }


            ],
            "linking": [
                [268, 269]
            ]
        },{
            "id": 273,
            "text": "Total interest income",
            "box": [123,516,314,543],
            "linking": [
                [273, 274]
            ],
            "label": "question",
            "words": [{
                    "text": "Total",
                    "box":[125,516,170,541]
                },{
                    "text": "interest",
                    "box":[173,519,242,540]
                },{
                    "text": "income",
                    "box":[246,518,310,539]
                }

            ]
        }, {
            "id": 274,
            "text": "26,713,901.",
            "box": [1225,515,1434,540],
            "label": "answer",
            "words": [{
                    "text": "26,713,901.",
                    "box":[1225,515,1434,540]
                }


            ],
            "linking": [
                [273, 274]
            ]
        },{
            "id": 278,
            "text": "Total gross rents",
            "box": [119,546,275,571],
            "linking": [
                [278, 279]
            ],
            "label": "question",
            "words": [{
                    "text": "Total",
                    "box":[121,550,171,569]
                },{
                    "text": "gross",
                    "box":[173,549,222,569]
                },{
                    "text": "rents",
                    "box":[226,553,272,570]
                }


            ]
        }, {
            "id": 279,
            "text": "199,533.",
            "box": [1227,543,1434,569],
            "label": "answer",
            "words": [{
                    "text": "199,533.",
                    "box":[1227,543,1434,569]
                }


            ],
            "linking": [
                [278, 279]
            ]
        },{
            "id": 285,
            "text": "Total capital gains net income",
            "box": [122,606,391,632],
            "linking": [
                [285, 286]
            ],
            "label": "question",
            "words": [{
                    "text": "Total",
                    "box":[122,609,172,630]
                },{
                    "text": "capital",
                    "box":[175,610,234,630]
                },{
                    "text": "gains",
                    "box":[238,610,287,632]
                },{
                    "text": "net",
                    "box":[290,611,323,632]
                },{
                    "text": "income",
                    "box":[325,610,387,631]
                }



            ]
        }, {
            "id": 286,
            "text": "69,295,558.",
            "box": [1227,599,1435,630],
            "label": "answer",
            "words": [{
                    "text": "69,295,558.",
                    "box":[1227,599,1435,630]
                }


            ],
            "linking": [
                [285, 286]
            ]
        },{
            "id": 294,
            "text": "Net gain or (loss) from Form 4797",
            "box": [121,636,427,665],
            "linking": [
                [294, 295]
            ],
            "label": "question",
            "words": [{
                    "text": "Net",
                    "box":[122,638,155,659]
                },{
                    "text": "gain",
                    "box":[158,641,199,659]
                },{
                    "text": "or",
                    "box":[205,641,224,660]
                },{
                    "text": "(loss)",
                    "box":[228,641,278,660]
                },{
                    "text": "from",
                    "box":[281,640,323,660]
                },{
                    "text": "Form",
                    "box":[325,641,371,658]
                },{
                    "text": "4797",
                    "box":[376,639,422,661]
                }




            ]
        }, {
            "id": 295,
            "text": "-12,239,579.",
            "box": [1218,635,1435,658],
            "label": "answer",
            "words": [{
                    "text": "-12,239,579.",
                    "box":[1218,635,1435,658]
                }


            ],
            "linking": [
                [294, 295]
            ]
        },{
            "id": 299,
            "text": "Total other income",
            "box": [119,669,293,693],
            "linking": [
                [299, 300]
            ],
            "label": "question",
            "words": [{
                    "text": "Total",
                    "box":[121,671,171,688]
                },{
                    "text": "other",
                    "box":[173,673,224,690]
                },{
                    "text": "income",
                    "box":[224,672,289,689]
                }

            ]
        }, {
            "id": 300,
            "text": "577,696,225.",
            "box": [1218,663,1434,688],
            "label": "answer",
            "words": [{
                    "text": "577,696,225.",
                    "box":[1218,663,1434,688]
                }


            ],
            "linking": [
                [299, 300]
            ]
        },{
            "id": 303,
            "text": "Total income",
            "box": [125,699,237,718],
            "linking": [
                [303, 304]
            ],
            "label": "question",
            "words": [{
                    "text": "Total",
                    "box":[126,700,172,717]
                },{
                    "text": "income",
                    "box":[173,702,234,716]
                }

            ]
        }, {
            "id": 304,
            "text": "1,487,450,567.",
            "box": [1189,693,1435,716],
            "label": "answer",
            "words": [{
                    "text": "1,487,450,567.",
                    "box":[1189,693,1435,716]
                }


            ],
            "linking": [
                [303, 304]
            ]
        },{
            "id": 310,
            "text": "Total compensation of officers deduction",
            "box": [121,724,487,755],
            "linking": [
                [310, 311]
            ],
            "label": "question",
            "words": [{
                    "text": "Total",
                    "box":[124,729,172,751]
                },{
                    "text": "compensation",
                    "box":[174,730,301,752]
                },{
                    "text": "of",
                    "box":[303,731,325,749]
                },{
                    "text": "officers",
                    "box":[330,731,395,751]
                },{
                    "text": "deduction",
                    "box":[398,732,483,751]
                }


            ]
        }, {
            "id": 311,
            "text": "28,266,092.",
            "box": [1235,723,1435,750],
            "label": "answer",
            "words": [{
                    "text": "28,266,092.",
                    "box":[1235,723,1435,750]
                }


            ],
            "linking": [
                [310, 311]
            ]
        },{
            "id": 317,
            "text": "Total salaries and wages deduction",
            "box": [120,756,436,784],
            "linking": [
                [317, 318]
            ],
            "label": "question",
            "words": [{
                    "text": "Total",
                    "box":[123,759,172,780]
                },{
                    "text": "salaries",
                    "box":[175,760,245,781]
                },{
                    "text": "and",
                    "box":[250,763,285,780]
                },{
                    "text": "wages",
                    "box":[288,762,347,783]
                },{
                    "text": "deduction",
                    "box":[350,760,432,784]
                }



            ]
        }, {
            "id": 318,
            "text": "128,923,041.",
            "box": [1227,751,1435,778],
            "label": "answer",
            "words": [{
                    "text": "128,923,041.",
                    "box":[1227,751,1435,778]
                }


            ],
            "linking": [
                [317, 318]
            ]
        },{
            "id": 324,
            "text": "Total repairs and maintenance deduction",
            "box": [122,787,485,812],
            "linking": [
                [324, 325]
            ],
            "label": "question",
            "words": [{
                    "text": "Total",
                    "box":[124,789,170,809]
                },{
                    "text": "repairs",
                    "box":[174,790,236,809]
                },{
                    "text": "and",
                    "box":[239,792,277,808]
                },{
                    "text": "maintenance",
                    "box":[281,790,396,810]
                },{
                    "text": "deduction",
                    "box":[398,791,482,807]
                }


            ]
        }, {
            "id": 325,
            "text": "2,697,619.",
            "box": [1236,812,1436,835],
            "label": "answer",
            "words": [{
                    "text": "2,697,619.",
                    "box":[1236,812,1436,835]
                }


            ],
            "linking": [
                [324, 325]
            ]
        },{
            "id": 330,
            "text": "Total bad debts deduction",
            "box": [120,816,356,840],
            "linking": [
                [330, 331]
            ],
            "label": "question",
            "words": [{
                    "text": "Total",
                    "box":[123,818,170,837]
                },{
                    "text": "bad",
                    "box":[174,820,208,838]
                },{
                    "text": "debts",
                    "box":[211,820,261,840]
                },{
                    "text": "deduction",
                    "box":[264,822,352,840]
                }

            ]
        }, {
            "id": 331,
            "text": "-1,620,882.",
            "box": [1236,812,1436,835],
            "label": "answer",
            "words": [{
                    "text": "-1,620,882.",
                    "box":[1236,812,1436,835]
                }


            ],
            "linking": [
                [330, 331]
            ]
        },{
            "id": 335,
            "text": "Total rents deduction",
            "box": [122,845,314,870],
            "linking": [
                [335, 336]
            ],
            "label": "question",
            "words": [{
                    "text": "Total",
                    "box":[124,850,170,868]
                },{
                    "text": "rents",
                    "box":[173,850,221,867]
                },{
                    "text": "deduction",
                    "box":[225,852,310,871]
                }

            ]
        }, {
            "id": 336,
            "text": "25,484,347.",
            "box": [1237,845,1437,870],
            "label": "answer",
            "words": [{
                    "text": "25,484,347.",
                    "box":[1237,845,1437,870]
                }


            ],
            "linking": [
                [335, 336]
            ]
        },{
            "id": 342,
            "text": "Total taxes and licenses deduction",
            "box": [121,877,431,905],
            "linking": [
                [342, 343]
            ],
            "label": "question",
            "words": [{
                    "text": "Total",
                    "box":[122,880,172,898]
                },{
                    "text": "taxes",
                    "box":[175,882,222,899]
                },{
                    "text": "and",
                    "box":[226,881,262,897]
                },{
                    "text": "licenses",
                    "box":[266,881,341,898]
                },{
                    "text": "deduction",
                    "box":[344,881,427,900]
                }


            ]
        }, {
            "id": 343,
            "text": "20,481,119.",
            "box": [1235,874,1435,898],
            "label": "answer",
            "words": [{
                    "text": "20,481,119.",
                    "box":[1235,874,1435,898]
                }


            ],
            "linking": [
                [342, 343]
            ]
        },{
            "id": 348,
            "text": "Total interest expense deduction",
            "box": [120,906,414,933],
            "linking": [
                [348, 349]
            ],
            "label": "question",
            "words": [{
                    "text": "Total",
                    "box":[122,909,171,929]
                },{
                    "text": "interest",
                    "box":[175,910,242,930]
                },{
                    "text": "expense",
                    "box":[245,912,323,929]
                },{
                    "text": "deduction",
                    "box":[325,911,411,930]
                }


            ]
        }, {
            "id": 349,
            "text": "121,656,268.",
            "box": [1225,901,1435,928],
            "label": "answer",
            "words": [{
                    "text": "121,656,268.",
                    "box":[1225,901,1435,928]
                }


            ],
            "linking": [
                [348, 349]
            ]
        },{
            "id": 354,
            "text": "Total charitable contributions deduction",
            "box": [119,938,480,962],
            "linking": [
                [354, 355]
            ],
            "label": "question",
            "words": [{
                    "text": "Total",
                    "box":[123,939,172,958]
                },{
                    "text": "charitable",
                    "box":[175,941,264,957]
                },{
                    "text": "contributions",
                    "box":[267,943,385,960]
                },{
                    "text": "deduction",
                    "box":[390,943,476,962]
                }


            ]
        }, {
            "id": 355,
            "text": "2,005,134.",
            "box": [1234,933,1434,958],
            "label": "answer",
            "words": [{
                    "text": "2,005,134.",
                    "box":[1234,933,1434,958]
                }


            ],
            "linking": [
                [354, 355]
            ]
        },{
            "id": 359,
            "text": "Total depreciation deduction",
            "box": [120,966,381,996],
            "linking": [
                [359, 360]
            ],
            "label": "question",
            "words": [{
                    "text": "Total",
                    "box":[123,970,170,992]
                },{
                    "text": "depreciation",
                    "box":[173,972,286,993]
                },{
                    "text": "deduction",
                    "box":[288,971,376,992]
                }


            ]
        }, {
            "id": 360,
            "text": "30,334,894.",
            "box": [1231,963,1431,989],
            "label": "answer",
            "words": [{
                    "text": "30,334,894.",
                    "box":[1231,963,1431,989]
                }


            ],
            "linking": [
                [359, 360]
            ]
        },{
            "id": 364,
            "text": "Total advertising deduction",
            "box": [126,1028,364,1051],
            "linking": [
                [364, 365]
            ],
            "label": "question",
            "words": [{
                    "text": "Total",
                    "box":[124,1032,173,1051]
                },{
                    "text": "advertising",
                    "box":[176,1032,274,1047]
                },{
                    "text": "deduction",
                    "box":[275,1034,364,1048]
                }



            ]
        }, {
            "id": 365,
            "text": "137,988,100.",
            "box": [1220,1022,1434,1048],
            "label": "answer",
            "words": [{
                    "text": "137,988,100.",
                    "box":[1220,1022,1434,1048]
                }


            ],
            "linking": [
                [364, 365]
            ]
        },{
            "id": 369,
            "text": "Total other deductions",
            "box": [121,1145,325,1174],
            "linking": [
                [369, 370]
            ],
            "label": "question",
            "words": [{
                    "text": "Total",
                    "box":[125,1150,170,1169]
                },{
                    "text": "other",
                    "box":[173,1151,221,1170]
                },{
                    "text": "deductions",
                    "box":[226,1152,322,1171]
                }



            ]
        }, {
            "id": 370,
            "text": "464,288,847.",
            "box": [1220,1142,1436,1167],
            "label": "answer",
            "words": [{
                    "text": "464,288,847.",
                    "box":[1220,1142,1436,1167]
                }


            ],
            "linking": [
                [369, 370]
            ]
        },{
            "id": 373,
            "text": "Total deductions",
            "box": [120,1177,274,1204],
            "linking": [
                [373, 374]
            ],
            "label": "question",
            "words": [{
                    "text": "Total",
                    "box":[124,1180,170,1200]
                },{
                    "text": "deductions",
                    "box":[174,1181,271,1200]
                }



            ]
        }, {
            "id": 374,
            "text": "960,504,579.",
            "box": [1225,1174,1435,1198],
            "label": "answer",
            "words": [{
                    "text": "960,504,579.",
                    "box":[1225,1174,1435,1198]
                }


            ],
            "linking": [
                [373, 374]
            ]
        },{
            "id": 383,
            "text": "Net income before NOL deduction and special deductions",
            "box": [121,1207,634,1232],
            "linking": [
                [383, 384]
            ],
            "label": "question",
            "words": [{
                    "text": "Net",
                    "box":[124,1210,156,1230]
                },{
                    "text": "income",
                    "box":[160,1210,227,1227]
                },{
                    "text": "before",
                    "box":[231,1211,289,1229]
                },{
                    "text": "NOL",
                    "box":[294,1211,337,1229]
                },{
                    "text": "deduction",
                    "box":[341,1211,430,1231]
                },{
                    "text": "and",
                    "box":[434,1211,469,1230]
                },{
                    "text": "special",
                    "box":[472,1213,533,1231]
                },{
                    "text": "deductions",
                    "box":[536,1213,631,1230]
                }


            ]
        }, {
            "id": 384,
            "text": "826,945,988.",
            "box": [1225,1204,1436,1230],
            "label": "answer",
            "words": [{
                    "text": "826,945,988.",
                    "box":[1225,1204,1436,1230]
                }


            ],
            "linking": [
                [383, 384]
            ]
        },{
            "id": 394,
            "text": "Total number of members participating in U.S. consolidated return",
            "box": [118,1444,710,1471],
            "linking": [
                [394, 395]
            ],
            "label": "question",
            "words": [{
                    "text": "Total",
                    "box":[121,1449,170,1469]
                },{
                    "text": "number",
                    "box":[174,1451,242,1469]
                },{
                    "text": "of",
                    "box":[248,1451,269,1472]
                },{
                    "text": "members",
                    "box":[273,1451,357,1468]
                },{
                    "text": "participating",
                    "box":[359,1452,470,1469]
                },{
                    "text": "in",
                    "box":[473,1451,492,1470]
                },{
                    "text": "U.S.",
                    "box":[495,1450,536,1471]
                },{
                    "text": "consolidated",
                    "box":[541,1451,650,1472]
                },{
                    "text": "return",
                    "box":[653,1454,705,1470]
                }


            ]
        }, {
            "id": 395,
            "text": "88.",
            "box": [1225,1204,1436,1230],
            "label": "answer",
            "words": [{
                    "text": "88.",
                    "box":[1225,1204,1436,1230]
                }


            ],
            "linking": [
                [394, 395]
            ]
        }
    ]
}
