{
    "form": [{
            "id": 404,
            "text": "For calendar year 2020 or taxable period beginning",
            "box": [83,244,618,269],
            "linking": [
                [404, 405]
            ],
            "label": "question",
            "words": [{
                    "text": "For",
                    "box":[87,246,124,265]
                },{
                    "text": "calendar",
                    "box":[127,249,219,264]
                },{
                    "text": "year",
                    "box":[222,247,273,266]
                },{
                    "text": "2020",
                    "box":[277,248,327,265]
                },{
                    "text": "or",
                    "box":[332,248,356,267]
                },{
                    "text": "taxable",
                    "box":[359,248,438,264]
                },{
                    "text": "period",
                    "box":[442,248,511,267]
                },{
                    "text": "beginning",
                    "box":[514,248,615,266]
                }


            ]
        }, {
            "id": 405,
            "text": "11/11/2012",
            "box": [625,245,771,269],
            "label": "answer",
            "words": [{
                    "box": [625,245,771,269],
                    "text": "11/11/2012"
                }
            ],
            "linking": [
                [404, 405]
            ]
        },{
            "id": 409,
            "text": "2020 and ending",
            "box": [964,243,1154,272],
            "linking": [
                [409, 410]
            ],
            "label": "question",
            "words": [{
                    "text": "2020",
                    "box":[968,246,1024,267]
                },{
                    "text": "and",
                    "box":[1028,246,1068,266]
                },{
                    "text": "ending",
                    "box":[1072,249,1151,266]
                }


            ]
        }, {
            "id": 410,
            "text": "12/12/2012",
            "box": [1173,245,1322,265],
            "label": "answer",
            "words": [{
                    "box": [1173,245,1322,265],
                    "text": "12/12/2012"
                }
            ],
            "linking": [
                [409, 410]
            ]
        },{
            "id": 416,
            "text": "Name of principal reporting corporation",
            "box": [86,272,399,295],
            "linking": [
                [416, 417]
            ],
            "label": "question",
            "words": [{
                    "text": "Name",
                    "box":[87,275,134,293]
                },{
                    "text": "of",
                    "box":[138,276,157,292]
                },{
                    "text": "principal",
                    "box":[159,274,231,291]
                },{
                    "text": "reporting",
                    "box":[233,275,303,290]
                },{
                    "text": "corporation",
                    "box":[305,276,396,293]
                }


            ]
        }, {
            "id": 417,
            "text": "XYZ Petfoods Ltd. & fooddiaries",
            "box": [91,300,581,331],
            "label": "answer",
            "words": [{
                    "text": "XYZ",
                    "box":[96,305,167,327]
                },{
                    "text": "Petfoods",
                    "box":[172,307,300,328]
                },{
                    "text": "Ltd.",
                    "box":[304,305,371,328]
                },{
                    "text": "&",
                    "box":[376,307,407,326]
                },{
                    "text": "fooddiaries",
                    "box":[413,304,576,327]
                }

            ],
            "linking": [
                [416, 417]
            ]
        },{
            "id": 426,
            "text": "Federal Identification number",
            "box": [789,272,1022,298],
            "linking": [
                [426, 427]
            ],
            "label": "question",
            "words": [{
                    "text": "Federal",
                    "box":[791,274,853,293]
                },{
                    "text": "Identification",
                    "box":[856,274,954,292]
                },{
                    "text": "number",
                    "box":[956,277,1018,293]
                }


            ]
        }, {
            "id": 427,
            "text": "787878787",
            "box": [808,305,1008,324],
            "label": "answer",
            "words": [{
                    "text": "787878787",
                    "box":[808,305,1008,324]
                }


            ],
            "linking": [
                [426, 427]
            ]
        },{
            "id": 430,
            "text": "PBA code",
            "box": [85,332,175,358],
            "linking": [
                [430, 431]
            ],
            "label": "question",
            "words": [{
                    "text": "PBA",
                    "box":[86,333,125,353]
                },{
                    "text": "code",
                    "box":[128,336,171,355]
                }


            ]
        }, {
            "id": 431,
            "text": "380008",
            "box": [88,366,214,388],
            "label": "answer",
            "words": [{
                    "text": "380008",
                    "box":[88,366,214,388]
                }


            ],
            "linking": [
                [430, 431]
            ]
        },{
            "id": 435,
            "text": "Unitary business identifier",
            "box": [788,331,993,357],
            "linking": [
                [435, 436]
            ],
            "label": "question",
            "words": [{
                    "text": "Unitary",
                    "box":[789,334,850,352]
                },{
                    "text": "business",
                    "box":[853,336,924,352]
                },{
                    "text": "identifier",
                    "box":[923,336,990,354]
                }



            ]
        }, {
            "id": 436,
            "text": "99",
            "box": [789,363,880,387],
            "label": "answer",
            "words": [{
                    "text": "99",
                    "box":[789,363,880,387]
                }


            ],
            "linking": [
                [435, 436]
            ]
        },{
            "id": 439,
            "text": "Net sales",
            "box": [121,573,211,602],
            "linking": [
                [439, 440]
            ],
            "label": "question",
            "words": [{
                    "text": "Net",
                    "box":[125,578,156,597]
                },{
                    "text": "sales",
                    "box":[159,576,207,599]
                }

            ]
        }, {
            "id": 440,
            "text": "822,876,006.",
            "box": [1234,576,1434,599],
            "label": "answer",
            "words": [{
                    "text": "822,876,006.",
                    "box":[1234,576,1434,599]
                }


            ],
            "linking": [
                [439, 440]
            ]
        },{
            "id": 449,
            "text": "Gross profit. Subtract line 2 from line 1",
            "box": [117,636,466,664],
            "linking": [
                [449, 450]
            ],
            "label": "question",
            "words": [{
                    "text": "Gross",
                    "box":[120,638,180,659]
                },{
                    "text": "profit.",
                    "box":[184,639,236,658]
                },{
                    "text": "Subtract",
                    "box":[240,638,317,660]
                },{
                    "text": "line",
                    "box":[320,638,352,660]
                },{
                    "text": "2",
                    "box":[356,637,368,657]
                },{
                    "text": "from",
                    "box":[372,637,413,658]
                },{
                    "text": "line",
                    "box":[415,638,450,657]
                },{
                    "text": "1",
                    "box":[453,637,465,656]
                }

            ]
        }, {
            "id": 450,
            "text": "822,876,006.",
            "box": [1234,633,1434,654],
            "label": "answer",
            "words": [{
                    "text": "822,876,006.",
                    "box":[1234,633,1434,654]
                }


            ],
            "linking": [
                [449, 450]
            ]
        },{
            "id": 451,
            "text": "Dividends",
            "box": [120,667,214,689],
            "linking": [
                [451, 452]
            ],
            "label": "question",
            "words": [{
                    "text": "Dividends",
                    "box":[120,667,214,689]
                }

            ]
        }, {
            "id": 452,
            "text": "2,922,923.",
            "box": [1235,664,1435,688],
            "label": "answer",
            "words": [{
                    "text": "2,922,923.",
                    "box":[1235,664,1435,688]
                }


            ],
            "linking": [
                [451, 452]
            ]
        },{
            "id": 455,
            "text": "Interest income",
            "box": [120,697,263,723],
            "linking": [
                [455, 456]
            ],
            "label": "question",
            "words": [{
                    "text": "Interest",
                    "box":[122,699,196,718]
                },{
                    "text": "income",
                    "box":[198,700,261,717]
                }

            ]
        }, {
            "id": 456,
            "text": "26,713,901.",
            "box": [1233,694,1433,716],
            "label": "answer",
            "words": [{
                    "text": "26,713,901.",
                    "box":[1233,694,1433,716]
                }


            ],
            "linking": [
                [455, 456]
            ]
        },{
            "id": 459,
            "text": "Gross rents",
            "box": [121,726,228,751],
            "linking": [
                [459, 460]
            ],
            "label": "question",
            "words": [{
                    "text": "Gross",
                    "box":[123,729,176,748]
                },{
                    "text": "rents",
                    "box":[178,728,226,749]
                }

            ]
        }, {
            "id": 460,
            "text": "185,533.",
            "box": [1232,723,1432,749],
            "label": "answer",
            "words": [{
                    "text": "185,533.",
                    "box":[1232,723,1432,749]
                }


            ],
            "linking": [
                [459, 460]
            ]
        },{
            "id": 467,
            "text": "Capital gains net income or loss",
            "box": [120,784,414,808],
            "linking": [
                [467, 468]
            ],
            "label": "question",
            "words": [{
                    "text": "Capital",
                    "box":[122,787,189,808]
                },{
                    "text": "gains",
                    "box":[192,788,242,808]
                },{
                    "text": "net",
                    "box":[246,788,276,807]
                },{
                    "text": "income",
                    "box":[278,788,343,807]
                },{
                    "text": "or",
                    "box":[345,788,364,806]
                },{
                    "text": "loss",
                    "box":[368,787,410,807]
                }
            ]
        }, {
            "id": 468,
            "text": "88,295,558.",
            "box": [1233,783,1433,806],
            "label": "answer",
            "words": [{
                    "text": "88,295,558.",
                    "box":[1233,783,1433,806]
                }


            ],
            "linking": [
                [467, 468]
            ]
        },{
            "id": 476,
            "text": "Net gain or (loss) from Form 4797",
            "box": [119,816,426,841],
            "linking": [
                [476, 477]
            ],
            "label": "question",
            "words": [{
                    "text": "Net",
                    "box":[122,818,156,836]
                },{
                    "text": "gain",
                    "box":[158,818,202,838]
                },{
                    "text": "or",
                    "box":[204,818,225,837]
                },{
                    "text": "(loss)",
                    "box":[227,817,277,840]
                },{
                    "text": "from",
                    "box":[281,818,323,838]
                },{
                    "text": "Form",
                    "box":[326,817,374,837]
                },{
                    "text": "4797",
                    "box":[376,816,421,838]
                }

            ]
        }, {
            "id": 477,
            "text": "-12,239,579.",
            "box": [1231,814,1431,835],
            "label": "answer",
            "words": [{
                    "text": "-12,239,579.",
                    "box":[1231,814,1431,835]
                }


            ],
            "linking": [
                [476, 477]
            ]
        },{
            "id": 480,
            "text": "Other income",
            "box": [118,845,248,871],
            "linking": [
                [480, 481]
            ],
            "label": "question",
            "words": [{
                    "text": "Other",
                    "box":[121,848,178,868]
                },{
                    "text": "income",
                    "box":[180,850,244,867]
                }

            ]
        }, {
            "id": 481,
            "text": "577,696,225.",
            "box": [1233,845,1433,865],
            "label": "answer",
            "words": [{
                    "text": "577,696,225.",
                    "box":[1233,845,1433,865]
                }


            ],
            "linking": [
                [480, 481]
            ]
        },{
            "id": 488,
            "text": "Income. Combine lines 3 through 10",
            "box": [120,874,451,900],
            "linking": [
                [488, 489]
            ],
            "label": "question",
            "words": [{
                    "text": "Income.",
                    "box":[122,879,197,896]
                },{
                    "text": "Combine",
                    "box":[199,879,285,897]
                },{
                    "text": "lines",
                    "box":[287,879,331,897]
                },{
                    "text": "3",
                    "box":[334,880,351,899]
                },{
                    "text": "through",
                    "box":[353,879,419,898]
                },{
                    "text": "10",
                    "box":[422,880,447,900]
                }

            ]
        }, {
            "id": 489,
            "text": "1,487,450,567.",
            "box": [1215,872,1429,897],
            "label": "answer",
            "words": [{
                    "text": "1,487,450,567.",
                    "box":[1215,872,1429,897]
                }


            ],
            "linking": [
                [488, 489]
            ]
        },{
            "id": 496,
            "text": "Total deductions for this business group",
            "box": [119,905,478,930],
            "linking": [
                [496, 497]
            ],
            "label": "question",
            "words": [{
                    "text": "Total",
                    "box":[120,908,171,928]
                },{
                    "text": "deductions",
                    "box":[174,908,273,930]
                },{
                    "text": "for",
                    "box":[277,909,304,926]
                },{
                    "text": "this",
                    "box":[307,908,339,929]
                },{
                    "text": "business",
                    "box":[343,908,421,928]
                },{
                    "text": "group",
                    "box":[424,910,475,929]
                }

            ]
        }, {
            "id": 497,
            "text": "960,504,579.",
            "box": [1225,904,1425,926],
            "label": "answer",
            "words": [{
                    "text": "960,504,579.",
                    "box":[1225,904,1425,926]
                }


            ],
            "linking": [
                [496, 497]
            ]
        },{
            "id": 514,
            "text": "Total net income for the combined report before Massachusetts adjustments. Subtract line 12 from line 11",
            "box": [119,935,1063,963],
            "linking": [
                [514, 515]
            ],
            "label": "question",
            "words": [{
                    "text": "Total",
                    "box":[121,936,170,957]
                },{
                    "text": "net",
                    "box":[174,938,203,958]
                },{
                    "text": "income",
                    "box":[208,937,276,956]
                },{
                    "text": "for",
                    "box":[280,938,305,959]
                },{
                    "text": "the",
                    "box":[309,939,342,957]
                },{
                    "text": "combined",
                    "box":[346,939,432,958]
                },{
                    "text": "report",
                    "box":[433,940,490,958]
                },{
                    "text": "before",
                    "box":[493,939,555,956]
                },{
                    "text": "Massachusetts",
                    "box":[558,939,696,959]
                },{
                    "text": "adjustments.",
                    "box":[699,938,808,960]
                },{
                    "text": "Subtract",
                    "box":[812,939,888,957]
                },{
                    "text": "line",
                    "box":[889,940,922,958]
                },{
                    "text": "12",
                    "box":[927,939,947,957]
                },{
                    "text": "from",
                    "box":[952,939,992,961]
                },{
                    "text": "line",
                    "box":[996,940,1030,960]
                },{
                    "text": "11",
                    "box":[1034,939,1055,960]
                }
            ]
        }, {
            "id": 515,
            "text": "986,945,988.",
            "box": [1226,934,1426,956],
            "label": "answer",
            "words": [{
                    "text": "986,945,988.",
                    "box":[1226,934,1426,956]
                }


            ],
            "linking": [
                [514, 515]
            ]
        },{
            "id": 527,
            "text": "Foreign, state or local income taxes deducted from U.S. net income",
            "box": [121,994,715,1018],
            "linking": [
                [527, 528]
            ],
            "label": "question",
            "words": [{
                    "text": "Foreign,",
                    "box":[203,1001,250,1019]
                },{
                    "text": "state",
                    "box":[203,1001,250,1019]
                },{
                    "text": "or",
                    "box":[254,1000,272,1016]
                },{
                    "text": "local",
                    "box":[277,997,321,1018]
                },{
                    "text": "income",
                    "box":[324,997,392,1018]
                },{
                    "text": "taxes",
                    "box":[395,997,442,1016]
                },{
                    "text": "deducted",
                    "box":[446,999,527,1016]
                },{
                    "text": "from",
                    "box":[529,1001,568,1016]
                },{
                    "text": "U.S.",
                    "box":[572,999,612,1017]
                },{
                    "text": "net",
                    "box":[616,1000,645,1018]
                },{
                    "text": "income",
                    "box":[647,999,711,1018]
                }

            ]
        }, {
            "id": 528,
            "text": "6,952,442.",
            "box": [1228,994,1428,1018],
            "label": "answer",
            "words": [{
                    "text": "6,952,442.",
                    "box":[1228,994,1428,1018]
                }


            ],
            "linking": [
                [527, 528]
            ]
        },{
            "id": 534,
            "text": "Section 168(k) bonus depreciation adjustment",
            "box": [121,1023,552,1050],
            "linking": [
                [534, 535]
            ],
            "label": "question",
            "words": [{
                    "text": "Section 168(k)",
                    "box":[122,1026,193,1045]
                },{
                    "text": "bonus",
                    "box":[199,1027,258,1045]
                },{
                    "text": "depreciation",
                    "box":[261,1028,335,1045]
                },{
                    "text": "adjustment",
                    "box":[453,1030,547,1046]
                }

            ]
        }, {
            "id": 535,
            "text": "5,177,569.",
            "box": [1226,1024,1426,1045],
            "label": "answer",
            "words": [{
                    "text": "5,177,569.",
                    "box":[1226,1024,1426,1045]
                }


            ],
            "linking": [
                [534, 535]
            ]
        },{
            "id": 548,
            "text": "Subtotal of Massachusetts income before additional deductions. Combine lines 13 through 20",
            "box": [922,1179,949,1198],
            "linking": [
                [548, 549]
            ],
            "label": "question",
            "words": [{
                    "text": "Subtotal",
                    "box":[122,1177,198,1197]
                },{
                    "text": "of",
                    "box":[202,1176,221,1198]
                },{
                    "text": "Massachusetts",
                    "box":[226,1177,363,1197]
                },{
                    "text": "income",
                    "box":[365,1178,432,1197]
                },{
                    "text": "before",
                    "box":[439,1178,497,1196]
                },{
                    "text": "additional",
                    "box":[499,1180,588,1196]
                },{
                    "text": "deductions.",
                    "box":[593,1180,696,1197]
                },{
                    "text": "Combine",
                    "box":[699,1178,778,1197]
                },{
                    "text": "lines",
                    "box":[781,1179,824,1197]
                },{
                    "text": "13",
                    "box":[828,1178,851,1197]
                },{
                    "text": "through",
                    "box":[855,1179,919,1196]
                },{
                    "text": "20",
                    "box":[922,1179,949,1198]
                }

            ]
        }, {
            "id": 549,
            "text": "959,075,999.",
            "box": [1228,1172,1428,1195],
            "label": "answer",
            "words": [{
                    "text": "959,075,999.",
                    "box":[1228,1172,1428,1195]
                }


            ],
            "linking": [
                [548, 549]
            ]
        },{
            "id": 556,
            "text": "95% deduction for certain other dividends",
            "box": [118,1293,495,1320],
            "linking": [
                [556, 557]
            ],
            "label": "question",
            "words": [{
                    "text": "95%",
                    "box":[121,1296,164,1317]
                },{
                    "text": "deduction",
                    "box":[168,1298,257,1318]
                },{
                    "text": "for",
                    "box":[262,1298,287,1317]
                },{
                    "text": "certain",
                    "box":[292,1298,356,1317]
                },{
                    "text": "other",
                    "box":[359,1298,407,1317]
                },{
                    "text": "dividends",
                    "box":[412,1298,491,1318]
                }

            ]
        }, {
            "id": 557,
            "text": "2,776,777.",
            "box": [1238,1289,1438,1319],
            "label": "answer",
            "words": [{
                    "text": "2,776,777.",
                    "box":[1238,1289,1438,1319]
                }


            ],
            "linking": [
                [556, 557]
            ]
        },{
            "id": 572,
            "text": "Other adjustments to income or expenses (enter decreases to allowable deductions as a negative)",
            "box": [121,1415,979,1437],
            "linking": [
                [572, 573]
            ],
            "label": "question",
            "words": [{
                    "text": "Other",
                    "box":[123,1417,175,1435]
                },{
                    "text": "adjustments",
                    "box":[179,1418,292,1435]
                },{
                    "text": "to",
                    "box":[296,1419,314,1434]
                },{
                    "text": "income",
                    "box":[318,1418,386,1435]
                },{
                    "text": "or",
                    "box":[388,1417,410,1434]
                },{
                    "text": "expenses",
                    "box":[414,1418,501,1435]
                },{
                    "text": "(enter",
                    "box":[504,1419,559,1435]
                },{
                    "text": "decreases",
                    "box":[562,1418,651,1437]
                },{
                    "text": "to",
                    "box":[654,1420,674,1435]
                },{
                    "text": "allowable",
                    "box":[677,1419,755,1437]
                },{
                    "text": "deductions",
                    "box":[759,1419,854,1437]
                },{
                    "text": "as",
                    "box":[857,1420,878,1438]
                },{
                    "text": "a",
                    "box":[882,1419,897,1438]
                },{
                    "text": "negative)",
                    "box":[899,1418,974,1438]
                }
            ]
        }, {
            "id": 573,
            "text": "-28,445,053.",
            "box": [1229,1413,1429,1435],
            "label": "answer",
            "words": [{
                    "text": "-28,445,053.",
                    "box":[1229,1413,1429,1435]
                }


            ],
            "linking": [
                [572, 573]
            ]
        },{
            "id": 592,
            "text": "Total Massachusetts income for the combined report. Subtract the total of lines 22 through 29 from line 21",
            "box": [120,1443,1069,1468],
            "linking": [
                [592, 593]
            ],
            "label": "question",
            "words": [{
                    "text": "Total",
                    "box":[121,1447,171,1466]
                },{
                    "text": "Massachusetts",
                    "box":[175,1448,310,1467]
                },{
                    "text": "income",
                    "box":[313,1449,381,1466]
                },{
                    "text": "for",
                    "box":[384,1449,410,1466]
                },{
                    "text": "the",
                    "box":[414,1450,446,1468]
                },{
                    "text": "combined",
                    "box":[450,1450,540,1466]
                },{
                    "text": "report.",
                    "box":[543,1450,601,1467]
                },{
                    "text": "Subtract",
                    "box":[605,1448,685,1466]
                },{
                    "text": "the",
                    "box":[688,1447,719,1467]
                },{
                    "text": "total",
                    "box":[722,1449,766,1466]
                },{
                    "text": "of",
                    "box":[768,1449,787,1467]
                },{
                    "text": "lines",
                    "box":[790,1449,832,1468]
                },{
                    "text": "22",
                    "box":[835,1448,857,1470]
                },{
                    "text": "through",
                    "box":[861,1448,929,1468]
                },{
                    "text": "29",
                    "box":[933,1449,956,1468]
                },{
                    "text": "from",
                    "box":[961,1449,1000,1468]
                },{
                    "text": "line",
                    "box":[1002,1451,1037,1468]
                },{
                    "text": "21",
                    "box":[1041,1450,1064,1466]
                }

            ]
        }, {
            "id": 593,
            "text": "564,744,275.",
            "box": [1230,1443,1430,1465],
            "label": "answer",
            "words": [{
                    "text": "564,744,275.",
                    "box":[1230,1443,1430,1465]
                }


            ],
            "linking": [
                [592, 593]
            ]
        },{
            "id": 603,
            "text": "Net capital gain or (loss) included in line 30",
            "box": [120,1473,511,1501],
            "linking": [
                [603, 604]
            ],
            "label": "question",
            "words": [{
                    "text": "Net",
                    "box":[123,1477,159,1495]
                },{
                    "text": "capital",
                    "box":[162,1479,221,1497]
                },{
                    "text": "gain",
                    "box":[223,1479,263,1498]
                },{
                    "text": "or",
                    "box":[266,1479,289,1499]
                },{
                    "text": "(loss)",
                    "box":[293,1478,344,1497]
                },{
                    "text": "included",
                    "box":[350,1479,422,1497]
                },{
                    "text": "in",
                    "box":[426,1479,443,1498]
                },{
                    "text": "line",
                    "box":[447,1478,480,1494]
                },{
                    "text": "30",
                    "box":[482,1478,507,1496]
                }


            ]
        }, {
            "id": 604,
            "text": "65,451,679.",
            "box": [1228,1475,1428,1499],
            "label": "answer",
            "words": [{
                    "text": "65,451,679.",
                    "box":[1228,1475,1428,1499]
                }


            ],
            "linking": [
                [603, 604]
            ]
        },{
            "id": 615,
            "text": "Net section 1231 gain or (loss) included in line 30",
            "box": [121,1504,570,1531],
            "linking": [
                [615, 616]
            ],
            "label": "question",
            "words": [{
                    "text": "Net",
                    "box":[121,1507,158,1527]
                },{
                    "text": "section",
                    "box":[161,1508,227,1526]
                },{
                    "text": "1231",
                    "box":[232,1508,277,1527]
                },{
                    "text": "gain",
                    "box":[280,1509,323,1529]
                },{
                    "text": "or",
                    "box":[326,1509,343,1528]
                },{
                    "text": "(loss)",
                    "box":[348,1507,403,1529]
                },{
                    "text": "included",
                    "box":[407,1508,480,1528]
                },{
                    "text": "in",
                    "box":[483,1508,500,1527]
                },{
                    "text": "line",
                    "box":[504,1509,535,1525]
                },{
                    "text": "30",
                    "box":[539,1509,565,1525]
                }


            ]
        }, {
            "id": 616,
            "text": "-5,286,189.",
            "box": [1231,1503,1431,1525],
            "label": "answer",
            "words": [{
                    "text": "-5,286,189.",
                    "box":[1231,1503,1431,1525]
                }


            ],
            "linking": [
                [615, 616]
            ]
        },{
            "id": 628,
            "text": "Subtract the total of lines 31 and 32 from line 30",
            "box": [121,1535,559,1560],
            "linking": [
                [628, 629]
            ],
            "label": "question",
            "words": [{
                    "text": "Subtract",
                    "box":[122,1537,202,1558]
                },{
                    "text": "the",
                    "box":[206,1539,235,1557]
                },{
                    "text": "total",
                    "box":[240,1539,280,1556]
                },{
                    "text": "of",
                    "box":[284,1538,305,1556]
                },{
                    "text": "lines",
                    "box":[307,1539,350,1556]
                },{
                    "text": "31",
                    "box":[353,1540,378,1557]
                },{
                    "text": "and",
                    "box":[383,1540,419,1557]
                },{
                    "text": "32",
                    "box":[424,1540,448,1557]
                },{
                    "text": "from",
                    "box":[450,1538,491,1557]
                },{
                    "text": "line",
                    "box":[495,1539,526,1556]
                },{
                    "text": "30",
                    "box":[530,1539,555,1558]
                }


            ]
        }, {
            "id": 629,
            "text": "504,578,785.",
            "box": [1229,1533,1429,1556],
            "label": "answer",
            "words": [{
                    "text": "504,578,785.",
                    "box":[1229,1533,1429,1556]
                }

            ],
            "linking": [
                [628, 629]
            ]
        },{
            "id": 649,
            "text": "Combined taxable net income excluding excess capital loss. Add lines 30 and 34. Do not enter less than 0",
            "box": [121,1594,1073,1619],
            "linking": [
                [649, 650]
            ],
            "label": "question",
            "words": [{
                    "text": "Combined",
                    "box":[123,1597,216,1618]
                },{
                    "text": "taxable",
                    "box":[219,1600,284,1616]
                },{
                    "text": "net",
                    "box":[289,1601,320,1619]
                },{
                    "text": "income",
                    "box":[324,1600,388,1617]
                },{
                    "text": "excluding",
                    "box":[393,1599,479,1617]
                },{
                    "text": "excess",
                    "box":[483,1598,547,1616]
                },{
                    "text": "capital",
                    "box":[551,1599,609,1615]
                },{
                    "text": "loss.",
                    "box":[612,1600,657,1617]
                },{
                    "text": "Add",
                    "box":[661,1600,703,1615]
                },{
                    "text": "lines",
                    "box":[705,1599,749,1618]
                },{
                    "text": "30",
                    "box":[753,1598,778,1615]
                },{
                    "text": "and",
                    "box":[781,1599,814,1616]
                },{
                    "text": "34",
                    "box":[819,1599,844,1617]
                },{
                    "text": "Do",
                    "box":[848,1599,877,1617]
                },{
                    "text": "not",
                    "box":[880,1600,908,1617]
                },{
                    "text": "enter",
                    "box":[913,1601,956,1617]
                },{
                    "text": "less",
                    "box":[960,1600,996,1615]
                },{
                    "text": "than",
                    "box":[1000,1599,1039,1617]
                },{
                    "text": "0",
                    "box":[1042,1598,1068,1617]
                }


            ]
        }, {
            "id": 650,
            "text": "564,744,275.",
            "box": [1233,1591,1433,1616],
            "label": "answer",
            "words": [{
                    "text": "564,744,275.",
                    "box":[1233,1591,1433,1616]
                }

            ],
            "linking": [
                [649, 650]
            ]
        },{
            "id": 658,
            "text": "Enter 10% of one-third of line 35",
            "box": [121,1627,411,1650],
            "linking": [
                [658, 659]
            ],
            "label": "question",
            "words": [{
                    "text": "Enter",
                    "box":[122,1629,173,1649]
                },{
                    "text": "0.1",
                    "box":[176,1628,222,1648]
                },{
                    "text": "of",
                    "box":[226,1629,243,1652]
                },{
                    "text": "one-third",
                    "box":[248,1628,326,1649]
                },{
                    "text": "of",
                    "box":[329,1629,348,1647]
                },{
                    "text": "line",
                    "box":[351,1630,380,1648]
                },{
                    "text": "35",
                    "box":[383,1629,408,1648]
                }

            ]
        }, {
            "id": 659,
            "text": "18,824,809.",
            "box": [1233,1624,1433,1645],
            "label": "answer",
            "words": [{
                    "text": "18,824,809.",
                    "box":[1233,1624,1433,1645]
                }

            ],
            "linking": [
                [658, 659]
            ]
        }
	]
}