{
    "form": [{
            "id": 244,
            "text": "Name of principal reporting corporation",
            "box": [85.01,271.00,398.71,294.77],
            "linking": [
                [244, 250]
            ],
            "label": "question",
            "words": [{
                    "text": "Name",
                    "box":[86.01,274.00,137.88,291.73]
                },{
                    "text": "of",
                    "box":[138.98,275.00,156.75,289.54]
                },{
                    "text": "principal",
                    "box":[159.97,276.00,230.77,289.86]
                },{
                    "text": "reporting",
                    "box":[231.94,275.00,304.74,288.86]
                },{
                    "text": "corporation",
                    "box":[306.91,277.00,395.70,291.85]
                }

            ]
        }, {
            "id": 250,
            "text": "PRD Petfoods Ltd. & Fooddiaris",
            "box": [119.99,302.00,671.60,332.77],
            "label": "answer",
            "words": [{
                    "text": "PRD",
                    "box":[123.99,305.00,183.79,329.77]
                },{
                    "text": "Petfoods",
                    "box":[188.96,304.00,344.73,329.69]
                },{
                    "text": "Ltd.",
                    "box":[350.89,304.00,432.71,328.74]
                },{
                    "text": "&",
                    "box":[443.85,305.00,474.61,330.77]
                },{
                    "text": "Fooddiaris",
                    "box":[482.84,306.00,667.59,328.78]
                }
            ],
            "linking": [
                [244, 250]
            ]
        },{
            "id": 254,
            "text": "Federal Identification number",
            "box": [1092.57,266.00,1329.31,291.77],
            "linking": [
                [254, 255]
            ],
            "label": "question",
            "words": [{
                    "text": "Federal",
                    "box":[1096.57,272.00,1158.40,289.79]
                },{
                    "text": "Identification",
                    "box":[1161.54,274.00,1260.33,291.67]
                },{
                    "text": "number",
                    "box":[1262.50,275.00,1324.33,290.66]
                }

            ]
        }, {
            "id": 255,
            "text": "868686868",
            "box": [1132.56,304.00,1295.32,326.81],
            "label": "answer",
            "words": [{
                    "text": "868686868",
                    "box":[1132.56,304.00,1295.32,326.81]
                }
            ],
            "linking": [
                [254, 255]
            ]
        },{
            "id": 259,
            "text": "Total net sales",
            "box": [118.99,393.00,252.77,421.80],
            "linking": [
                [259, 260]
            ],
            "label": "question",
            "words": [{
                    "text": "Total",
                    "box":[122.99,397.00,171.83,418.78]
                },{
                    "text": "net",
                    "box":[173.97,398.00,202.83,418.78]
                },{
                    "text": "sales",
                    "box":[206.95,399.00,251.80,420.78]
                }

            ]
        }, {
            "id": 260,
            "text": "822,876,006.",
            "box": [1224.52,393.00,1435.26,419.77],
            "label": "answer",
            "words": [{
                    "text": "822,876,006.",
                    "box":[1224.52,393.00,1435.26,419.77]
                }
            ],
            "linking": [
                [259, 260]
            ]
        },{
            "id": 264,
            "text": "Total gross profit",
            "box": [122.99,458.00,277.76,488.76],
            "linking": [
                [264, 265]
            ],
            "label": "question",
            "words": [{
                    "text": "Total",
                    "box":[124.99,459.00,170.83,480.78]
                },{
                    "text": "gross",
                    "box":[174.97,460.00,223.77,482.78]
                },{
                    "text": "profit",
                    "box":[225.95,460.00,274.78,482.78]
                }

            ]
        }, {
            "id": 265,
            "text": "822,876,006.",
            "box": [1222.52,453.00,1434.27,476.78],
            "label": "answer",
            "words": [{
                    "text": "822,876,006.",
                    "box":[1222.52,453.00,1434.27,476.78]
                }

            ],
            "linking": [
                [264, 265]
            ]
        },{
            "id": 268,
            "text": "Total dividends",
            "box": [124.99,486.00,262.78,512.73],
            "linking": [
                [268, 269]
            ],
            "label": "question",
            "words": [{
                    "text": "Total",
                    "box":[123.99,490.00,170.83,510.68]
                },{
                    "text": "dividends",
                    "box":[173.97,491.00,258.78,510.68]
                }


            ]
        }, {
            "id": 269,
            "text": "2,922,923.",
            "box": [1224.52,485.00,1434.27,510.74],
            "label": "answer",
            "words": [{
                    "text": "2,922,923.",
                    "box":[1224.52,485.00,1434.27,510.74]
                }


            ],
            "linking": [
                [268, 269]
            ]
        },{
            "id": 273,
            "text": "Total interest income",
            "box": [123.99,516.00,314.75,543.10],
            "linking": [
                [273, 274]
            ],
            "label": "question",
            "words": [{
                    "text": "Total",
                    "box":[125.99,516.00,170.81,541.10]
                },{
                    "text": "interest",
                    "box":[173.97,519.00,242.79,540.11]
                },{
                    "text": "income",
                    "box":[246.94,518.00,310.73,539.02]
                }

            ]
        }, {
            "id": 274,
            "text": "26,713,901.",
            "box": [1225.52,515.00,1434.27,540.10],
            "label": "answer",
            "words": [{
                    "text": "26,713,901.",
                    "box":[1225.52,515.00,1434.27,540.10]
                }


            ],
            "linking": [
                [273, 274]
            ]
        },{
            "id": 278,
            "text": "Total gross rents",
            "box": [119.99,546.00,275.77,571.77],
            "linking": [
                [278, 279]
            ],
            "label": "question",
            "words": [{
                    "text": "Total",
                    "box":[121.99,550.00,171.79,569.78]
                },{
                    "text": "gross",
                    "box":[173.97,549.00,222.81,569.78]
                },{
                    "text": "rents",
                    "box":[226.95,553.00,272.77,570.79]
                }


            ]
        }, {
            "id": 279,
            "text": "199,533.",
            "box": [1227.51,543.00,1434.26,569.77],
            "label": "answer",
            "words": [{
                    "text": "199,533.",
                    "box":[1227.51,543.00,1434.26,569.77]
                }


            ],
            "linking": [
                [278, 279]
            ]
        },{
            "id": 285,
            "text": "Total capital gains net income",
            "box": [122.99,606.00,391.72,632.14],
            "linking": [
                [285, 286]
            ],
            "label": "question",
            "words": [{
                    "text": "Total",
                    "box":[122.99,609.00,172.83,630.15]
                },{
                    "text": "capital",
                    "box":[175.97,610.00,234.80,630.11]
                },{
                    "text": "gains",
                    "box":[238.94,610.00,287.78,632.11]
                },{
                    "text": "net",
                    "box":[290.92,611.00,323.71,632.11]
                },{
                    "text": "income",
                    "box":[325.90,610.00,387.75,631.01]
                }



            ]
        }, {
            "id": 286,
            "text": "69,295,558.",
            "box": [1227.51,599.00,1435.27,630.00],
            "label": "answer",
            "words": [{
                    "text": "69,295,558.",
                    "box":[1227.51,599.00,1435.27,630.00]
                }


            ],
            "linking": [
                [285, 286]
            ]
        },{
            "id": 294,
            "text": "Net gain or (loss) from Form 4797",
            "box": [121.99,636.00,427.70,665.90],
            "linking": [
                [294, 295]
            ],
            "label": "question",
            "words": [{
                    "text": "Net",
                    "box":[122.99,638.00,155.93,659.87]
                },{
                    "text": "gain",
                    "box":[158.97,641.00,199.77,659.92]
                },{
                    "text": "or",
                    "box":[205.95,641.00,224.84,660.92]
                },{
                    "text": "(loss)",
                    "box":[228.94,641.00,278.74,660.96]
                },{
                    "text": "from",
                    "box":[281.92,640.00,323.72,660.91]
                },{
                    "text": "Form",
                    "box":[325.90,641.00,371.74,658.92]
                },{
                    "text": "4797",
                    "box":[376.88,639.00,422.68,661.87]
                }




            ]
        }, {
            "id": 295,
            "text": "-12,239,579.",
            "box": [1218.52,635.00,1435.26,658.81],
            "label": "answer",
            "words": [{
                    "text": "-12,239,579.",
                    "box":[1218.52,635.00,1435.26,658.81]
                }


            ],
            "linking": [
                [294, 295]
            ]
        },{
            "id": 299,
            "text": "Total other income",
            "box": [119.99,669.00,293.75,693.77],
            "linking": [
                [299, 300]
            ],
            "label": "question",
            "words": [{
                    "text": "Total",
                    "box":[121.99,671.00,171.83,688.83]
                },{
                    "text": "other",
                    "box":[173.97,673.00,224.77,690.79]
                },{
                    "text": "income",
                    "box":[224.95,672.00,289.77,689.83]
                }

            ]
        }, {
            "id": 300,
            "text": "577,696,225.",
            "box": [1218.52,663.00,1434.26,688.77],
            "label": "answer",
            "words": [{
                    "text": "577,696,225.",
                    "box":[1218.52,663.00,1434.26,688.77]
                }


            ],
            "linking": [
                [299, 300]
            ]
        },{
            "id": 303,
            "text": "Total income",
            "box": [125.82,699.00,237.81,718.74],
            "linking": [
                [303, 304]
            ],
            "label": "question",
            "words": [{
                    "text": "Total",
                    "box":[126.99,700.00,172.79,717.00]
                },{
                    "text": "income",
                    "box":[173.97,702.00,234.80,716.65]
                }

            ]
        }, {
            "id": 304,
            "text": "1,487,450,567.",
            "box": [1189.53,693.00,1435.26,716.81],
            "label": "answer",
            "words": [{
                    "text": "1,487,450,567.",
                    "box":[1189.53,693.00,1435.26,716.81]
                }


            ],
            "linking": [
                [303, 304]
            ]
        },{
            "id": 310,
            "text": "Total compensation of officers deduction",
            "box": [121.99,724.00,487.68,755.10],
            "linking": [
                [310, 311]
            ],
            "label": "question",
            "words": [{
                    "text": "Total",
                    "box":[124.99,729.00,172.81,751.15]
                },{
                    "text": "compensation",
                    "box":[174.97,730.00,301.74,752.78]
                },{
                    "text": "of",
                    "box":[303.91,731.00,325.79,749.01]
                },{
                    "text": "officers",
                    "box":[330.90,731.00,395.73,751.11]
                },{
                    "text": "deduction",
                    "box":[398.87,732.00,483.69,751.12]
                }


            ]
        }, {
            "id": 311,
            "text": "28,266,092.",
            "box": [1235.51,723.00,1435.51,750.03],
            "label": "answer",
            "words": [{
                    "text": "28,266,092.",
                    "box":[1235.51,723.00,1435.51,750.03]
                }


            ],
            "linking": [
                [310, 311]
            ]
        },{
            "id": 317,
            "text": "Total salaries and wages deduction",
            "box": [120.99,756.00,436.69,784.03],
            "linking": [
                [317, 318]
            ],
            "label": "question",
            "words": [{
                    "text": "Total",
                    "box":[123.99,759.00,172.83,780.11]
                },{
                    "text": "salaries",
                    "box":[175.97,760.00,245.76,781.11]
                },{
                    "text": "and",
                    "box":[250.93,763.00,285.79,780.12]
                },{
                    "text": "wages",
                    "box":[288.92,762.00,347.75,783.11]
                },{
                    "text": "deduction",
                    "box":[350.89,760.00,432.71,784.11]
                }



            ]
        }, {
            "id": 318,
            "text": "128,923,041.",
            "box": [1227.51,751.00,1435.25,778.10],
            "label": "answer",
            "words": [{
                    "text": "128,923,041.",
                    "box":[1227.51,751.00,1435.25,778.10]
                }


            ],
            "linking": [
                [317, 318]
            ]
        },{
            "id": 324,
            "text": "Total repairs and maintenance deduction",
            "box": [122.99,787.00,485.67,812.10],
            "linking": [
                [324, 325]
            ],
            "label": "question",
            "words": [{
                    "text": "Total",
                    "box":[124.99,789.00,170.85,809.12]
                },{
                    "text": "repairs",
                    "box":[174.97,790.00,236.76,809.12]
                },{
                    "text": "and",
                    "box":[239.94,792.00,277.79,808.79]
                },{
                    "text": "maintenance",
                    "box":[281.92,790.00,396.70,810.12]
                },{
                    "text": "deduction",
                    "box":[398.87,791.00,482.69,807.18]
                }


            ]
        }, {
            "id": 325,
            "text": "2,697,619.",
            "box": [1236.51,812.00,1436.51,835.69],
            "label": "answer",
            "words": [{
                    "text": "2,697,619.",
                    "box":[1236.51,812.00,1436.51,835.69]
                }


            ],
            "linking": [
                [324, 325]
            ]
        },{
            "id": 330,
            "text": "Total bad debts deduction",
            "box": [120.99,816.00,356.73,840.77],
            "linking": [
                [330, 331]
            ],
            "label": "question",
            "words": [{
                    "text": "Total",
                    "box":[123.99,818.00,170.83,837.96]
                },{
                    "text": "bad",
                    "box":[174.97,820.00,208.82,838.12]
                },{
                    "text": "debts",
                    "box":[211.95,820.00,261.75,840.01]
                },{
                    "text": "deduction",
                    "box":[264.93,822.00,352.72,840.07]
                }

            ]
        }, {
            "id": 331,
            "text": "-1,620,882.",
            "box": [1236.51,812.00,1436.51,835.69],
            "label": "answer",
            "words": [{
                    "text": "-1,620,882.",
                    "box":[1236.51,812.00,1436.51,835.69]
                }


            ],
            "linking": [
                [330, 331]
            ]
        },{
            "id": 335,
            "text": "Total rents deduction",
            "box": [122.99,845.00,314.75,870.14],
            "linking": [
                [335, 336]
            ],
            "label": "question",
            "words": [{
                    "text": "Total",
                    "box":[124.99,850.00,170.76,868.01]
                },{
                    "text": "rents",
                    "box":[173.97,850.00,221.81,867.12]
                },{
                    "text": "deduction",
                    "box":[225.95,852.00,310.76,871.12]
                }

            ]
        }, {
            "id": 336,
            "text": "25,484,347.",
            "box": [1237.51,845.00,1437.51,870.10],
            "label": "answer",
            "words": [{
                    "text": "25,484,347.",
                    "box":[1237.51,845.00,1437.51,870.10]
                }


            ],
            "linking": [
                [335, 336]
            ]
        },{
            "id": 342,
            "text": "Total taxes and licenses deduction",
            "box": [121.99,877.00,431.70,905.10],
            "linking": [
                [342, 343]
            ],
            "label": "question",
            "words": [{
                    "text": "Total",
                    "box":[122.99,880.00,172.81,898.12]
                },{
                    "text": "taxes",
                    "box":[175.97,882.00,222.81,899.46]
                },{
                    "text": "and",
                    "box":[226.95,881.00,262.74,897.46]
                },{
                    "text": "licenses",
                    "box":[266.93,881.00,341.75,898.50]
                },{
                    "text": "deduction",
                    "box":[344.89,881.00,427.71,900.97]
                }


            ]
        }, {
            "id": 343,
            "text": "20,481,119.",
            "box": [1235.51,874.00,1435.51,898.44],
            "label": "answer",
            "words": [{
                    "text": "20,481,119.",
                    "box":[1235.51,874.00,1435.51,898.44]
                }


            ],
            "linking": [
                [342, 343]
            ]
        },{
            "id": 348,
            "text": "Total interest expense deduction",
            "box": [120.99,906.00,414.71,933.70],
            "linking": [
                [348, 349]
            ],
            "label": "question",
            "words": [{
                    "text": "Total",
                    "box":[122.99,909.00,171.83,929.45]
                },{
                    "text": "interest",
                    "box":[175.97,910.00,242.79,930.11]
                },{
                    "text": "expense",
                    "box":[245.94,912.00,323.72,929.79]
                },{
                    "text": "deduction",
                    "box":[325.90,911.00,411.72,930.83]
                }


            ]
        }, {
            "id": 349,
            "text": "121,656,268.",
            "box": [1225.52,901.00,1435.27,928.10],
            "label": "answer",
            "words": [{
                    "text": "121,656,268.",
                    "box":[1225.52,901.00,1435.27,928.10]
                }


            ],
            "linking": [
                [348, 349]
            ]
        },{
            "id": 354,
            "text": "Total charitable contributions deduction",
            "box": [119.99,938.00,480.67,962.69],
            "linking": [
                [354, 355]
            ],
            "label": "question",
            "words": [{
                    "text": "Total",
                    "box":[123.99,939.00,172.83,958.12]
                },{
                    "text": "charitable",
                    "box":[175.97,941.00,264.79,957.67]
                },{
                    "text": "contributions",
                    "box":[267.93,943.00,385.71,960.12]
                },{
                    "text": "deduction",
                    "box":[390.87,943.00,476.69,962.12]
                }


            ]
        }, {
            "id": 355,
            "text": "2,005,134.",
            "box": [1234.51,933.00,1434.51,958.11],
            "label": "answer",
            "words": [{
                    "text": "2,005,134.",
                    "box":[1234.51,933.00,1434.51,958.11]
                }


            ],
            "linking": [
                [354, 355]
            ]
        },{
            "id": 359,
            "text": "Total depreciation deduction",
            "box": [120.99,966.00,381.72,996.73],
            "linking": [
                [359, 360]
            ],
            "label": "question",
            "words": [{
                    "text": "Total",
                    "box":[123.99,970.00,170.77,992.81]
                },{
                    "text": "depreciation",
                    "box":[173.97,972.00,286.77,993.78]
                },{
                    "text": "deduction",
                    "box":[288.92,971.00,376.74,992.16]
                }


            ]
        }, {
            "id": 360,
            "text": "30,334,894.",
            "box": [1231.51,963.00,1431.51,989.10],
            "label": "answer",
            "words": [{
                    "text": "30,334,894.",
                    "box":[1231.51,963.00,1431.51,989.10]
                }


            ],
            "linking": [
                [359, 360]
            ]
        },{
            "id": 364,
            "text": "Total advertising deduction",
            "box": [126.99,1028.00,364.72,1051.77],
            "linking": [
                [364, 365]
            ],
            "label": "question",
            "words": [{
                    "text": "Total",
                    "box":[124.99,1032.00,173.83,1051.29]
                },{
                    "text": "advertising",
                    "box":[176.97,1032.00,274.75,1047.80]
                },{
                    "text": "deduction",
                    "box":[275.92,1034.00,364.74,1048.80]
                }



            ]
        }, {
            "id": 365,
            "text": "137,988,100.",
            "box": [1220.52,1022.00,1434.26,1048.11],
            "label": "answer",
            "words": [{
                    "text": "137,988,100.",
                    "box":[1220.52,1022.00,1434.26,1048.11]
                }


            ],
            "linking": [
                [364, 365]
            ]
        },{
            "id": 369,
            "text": "Total other deductions",
            "box": [121.99,1145.00,325.75,1174.19],
            "linking": [
                [369, 370]
            ],
            "label": "question",
            "words": [{
                    "text": "Total",
                    "box":[125.99,1150.00,170.83,1169.12]
                },{
                    "text": "other",
                    "box":[173.97,1151.00,221.77,1170.16]
                },{
                    "text": "deductions",
                    "box":[226.94,1152.00,322.73,1171.12]
                }



            ]
        }, {
            "id": 370,
            "text": "464,288,847.",
            "box": [1220.52,1142.00,1436.27,1167.44],
            "label": "answer",
            "words": [{
                    "text": "464,288,847.",
                    "box":[1220.52,1142.00,1436.27,1167.44]
                }


            ],
            "linking": [
                [369, 370]
            ]
        },{
            "id": 373,
            "text": "Total deductions",
            "box": [120.99,1177.00,274.76,1204.03],
            "linking": [
                [373, 374]
            ],
            "label": "question",
            "words": [{
                    "text": "Total",
                    "box":[124.99,1180.00,170.85,1200.01]
                },{
                    "text": "deductions",
                    "box":[174.97,1181.00,271.78,1200.01]
                }



            ]
        }, {
            "id": 374,
            "text": "960,504,579.",
            "box": [1225.52,1174.00,1435.26,1198.44],
            "label": "answer",
            "words": [{
                    "text": "960,504,579.",
                    "box":[1225.52,1174.00,1435.26,1198.44]
                }


            ],
            "linking": [
                [373, 374]
            ]
        },{
            "id": 383,
            "text": "Net income before NOL deduction and special deductions",
            "box": [121.99,1207.00,634.61,1232.97],
            "linking": [
                [383, 384]
            ],
            "label": "question",
            "words": [{
                    "text": "Net",
                    "box":[124.99,1210.00,156.85,1230.82]
                },{
                    "text": "income",
                    "box":[160.97,1210.00,227.77,1227.79]
                },{
                    "text": "before",
                    "box":[231.94,1211.00,289.74,1229.79]
                },{
                    "text": "NOL",
                    "box":[294.91,1211.00,337.76,1229.62]
                },{
                    "text": "deduction",
                    "box":[341.89,1211.00,430.70,1231.44]
                },{
                    "text": "and",
                    "box":[434.85,1211.00,469.65,1230.12]
                },{
                    "text": "special",
                    "box":[472.84,1213.00,533.67,1231.12]
                },{
                    "text": "deductions",
                    "box":[536.81,1213.00,631.62,1230.45]
                }


            ]
        }, {
            "id": 384,
            "text": "826,945,988.",
            "box": [1225.52,1204.00,1436.27,1230.10],
            "label": "answer",
            "words": [{
                    "text": "826,945,988.",
                    "box":[1225.52,1204.00,1436.27,1230.10]
                }


            ],
            "linking": [
                [383, 384]
            ]
        },{
            "id": 394,
            "text": "Total number of members participating in U.S. consolidated return",
            "box": [118.99,1444.00,710.58,1471.13],
            "linking": [
                [394, 395]
            ],
            "label": "question",
            "words": [{
                    "text": "Total",
                    "box":[121.99,1449.00,170.79,1469.01]
                },{
                    "text": "number",
                    "box":[174.97,1451.00,242.87,1469.94]
                },{
                    "text": "of",
                    "box":[248.93,1451.00,269.72,1472.11]
                },{
                    "text": "members",
                    "box":[273.92,1451.00,357.74,1468.12]
                },{
                    "text": "participating",
                    "box":[359.89,1452.00,470.67,1469.07]
                },{
                    "text": "in",
                    "box":[473.84,1451.00,492.77,1470.01]
                },{
                    "text": "U.S.",
                    "box":[495.83,1450.00,536.65,1471.01]
                },{
                    "text": "consolidated",
                    "box":[541.80,1451.00,650.58,1472.11]
                },{
                    "text": "return",
                    "box":[653.76,1454.00,705.62,1470.12]
                }


            ]
        }, {
            "id": 395,
            "text": "88.",
            "box": [1225.52,1204.00,1436.27,1230.10],
            "label": "answer",
            "words": [{
                    "text": "88.",
                    "box":[1225.52,1204.00,1436.27,1230.10]
                }


            ],
            "linking": [
                [394, 395]
            ]
        }
    ]
}
