{
    "form": [{
        "id": 9,
        "text": "For calendar year 2020 or taxable period beginning",
        "box": [86, 241, 567, 269],
        "linking": [
            [9, 10]
        ],
        "label": "question",
        "words": [{
                "text": "For",
                "box": [86, 245, 124, 266]
            }, {
                "text": "calendar",
                "box": [129, 249, 209, 270]
            }, {
                "text": "year",
                "box": [210, 245, 254, 265]
            }, {
                "text": "2020",
                "box": [258, 245, 302, 266]
            }, {
                "text": "or",
                "box": [308, 247, 328, 264]
            }, {
                "text": "taxable",
                "box": [332, 246, 399, 264]
            }, {
                "text": "period",
                "box": [404, 249, 464, 266]
            }, {
                "text": "beginning",
                "box": [404, 249, 464, 266]
            }

        ]
    }, {
        "id": 10,
        "text": "9/9/2022",
        "box": [586, 245, 786, 267],
        "label": "answer",
        "words": [{
            "box": [586, 245, 786, 267],
            "text": "9/9/2022"
        }],
        "linking": [
            [9, 10]
        ]
    }, {
        "id": 14,
        "text": "2020 and ending",
        "box": [916, 243, 1092, 270],
        "linking": [
            [14, 15]
        ],
        "label": "question",
        "words": [{
            "text": "2020",
            "box": [919, 245, 975, 268]
        }, {
            "text": "and",
            "box": [973, 245, 1015, 265]
        }, {
            "text": "ending",
            "box": [1019, 246, 1083, 266]
        }]
    }, {
        "id": 15,
        "text": "12/12/2022",
        "box": [1168, 244, 1350, 268],
        "label": "answer",
        "words": [{
                "text": "12/12/2022",
                "box": [1168, 244, 1350, 268]
            }

        ],
        "linking": [
            [14, 15]
        ]
    }, {
        "id": 21,
        "text": "Name of principal reporting corporation",
        "box": [87, 272, 405, 299],
        "linking": [
            [21, 27]
        ],
        "label": "question",
        "words": [{
                "text": "Name",
                "box": [88, 273, 136, 292]
            }, {
                "text": "of",
                "box": [141, 275, 157, 292]
            }, {
                "text": "principal",
                "box": [161, 276, 232, 292]
            }, {
                "text": "reporting",
                "box": [235, 277, 307, 293]
            }, {
                "text": "corporation",
                "box": [307, 276, 396, 295]
            }


        ]
    }, {
        "id": 27,
        "text": "PRD Petfoods Ltd. & Fooddiaris",
        "box": [117, 300, 673, 327],
        "label": "answer",
        "words": [{
                "text": "PRD",
                "box": [120, 305, 180, 328]
            }, {
                "text": "Petfoods",
                "box": [189, 304, 341, 332]
            }, {
                "text": "Ltd.",
                "box": [349, 304, 430, 327]
            }, {
                "text": "&",
                "box": [437, 305, 470, 328]
            }, {
                "text": "Fooddiaris",
                "box": [479, 305, 664, 328]
            }


        ],
        "linking": [
            [21, 27]
        ]
    }, {
        "id": 31,
        "text": "Federal Identification number",
        "box": [778, 272, 1013, 296],
        "linking": [
            [31, 32]
        ],
        "label": "question",
        "words": [{
            "text": "Federal",
            "box": [780, 274, 842, 293]
        }, {
            "text": "Identification",
            "box": [847, 275, 945, 293]
        }, {
            "text": "number",
            "box": [948, 275, 1008, 293]
        }]
    }, {
        "id": 32,
        "text": "777777777",
        "box": [825, 303, 990, 327],
        "label": "answer",
        "words": [{
            "text": "777777777",
            "box": [825, 303, 990, 327]
        }],
        "linking": [
            [31, 32]
        ]
    }, {
        "id": 35,
        "text": "Principal address",
        "box": [88, 333, 228, 357],
        "linking": [
            [35, 39]
        ],
        "label": "question",
        "words": [{
                "text": "Principal",
                "box": [88, 334, 154, 355]
            }, {
                "text": "address",
                "box": [158, 335, 223, 354]
            }

        ]
    }, {
        "id": 39,
        "text": "99 Food Plant",
        "box": [85, 358, 326, 392],
        "label": "answer",
        "words": [{
                "text": "99",
                "box": [89, 362, 132, 386]
            }, {
                "text": "Food",
                "box": [137, 363, 218, 386]
            }, {
                "text": "Plant",
                "box": [224, 363, 321, 387]
            }

        ],
        "linking": [
            [35, 39]
        ]
    }, {
        "id": 40,
        "text": "City/Town",
        "box": [775, 335, 869, 357],
        "linking": [
            [40, 43]
        ],
        "label": "question",
        "words": [{
            "text": "City/Town",
            "box": [775, 335, 869, 357]
        }]
    }, {
        "id": 43,
        "text": "Old Fork",
        "box": [623, 363, 783, 388],
        "label": "answer",
        "words": [{
            "text": "Old",
            "box": [626, 366, 689, 385]
        }, {
            "text": "Fork",
            "box": [694, 367, 776, 388]
        }],
        "linking": [
            [40, 43]
        ]
    }, {
        "id": 44,
        "text": "State",
        "box": [1073, 334, 1125, 355],
        "linking": [
            [44, 45]
        ],
        "label": "question",
        "words": [{
            "text": "State",
            "box": [1073, 334, 1125, 355]
        }]
    }, {
        "id": 45,
        "text": "MM",
        "box": [1073, 363, 1124, 384],
        "label": "answer",
        "words": [{
                "text": "MM",
                "box": [1073, 363, 1124, 384]
            }

        ],
        "linking": [
            [44, 45]
        ]
    }, {
        "id": 46,
        "text": "Zip",
        "box": [1217, 334, 1257, 354],
        "linking": [
            [46, 47]
        ],
        "label": "question",
        "words": [{
                "text": "Zip",
                "box": [1217, 334, 1257, 354]
            }

        ]
    }, {
        "id": 47,
        "text": "99999",
        "box": [1219, 365, 1317, 389],
        "label": "answer",
        "words": [{
                "text": "99999",
                "box": [1219, 365, 1317, 389]
            }


        ],
        "linking": [
            [46, 47]
        ]
    }, {
        "id": 50,
        "text": "Contact person",
        "box": [85, 394, 208, 418],
        "linking": [
            [50, 53]
        ],
        "label": "question",
        "words": [{
                "text": "Contact",
                "box": [89, 397, 149, 413]
            }, {
                "text": "person",
                "box": [152, 398, 203, 412]
            }


        ]
    }, {
        "id": 53,
        "text": "SAL FOCELLA",
        "box": [86, 419, 296, 448],
        "label": "answer",
        "words": [{
                "text": "SAL",
                "box": [87, 420, 144, 448]
            }, {
                "text": "FOCELLA",
                "box": [161, 423, 291, 448]
            }


        ],
        "linking": [
            [50, 53]
        ]
    }, {
        "id": 56,
        "text": "Telephone number",
        "box": [777, 388, 943, 416],
        "linking": [
            [56, 57]
        ],
        "label": "question",
        "words": [{
                "text": "Telephone",
                "box": [780, 394, 863, 411]
            }, {
                "text": "number",
                "box": [867, 396, 936, 411]
            }


        ]
    }, {
        "id": 57,
        "text": "555-555-5555",
        "box": [791, 420, 1010, 448],
        "label": "answer",
        "words": [{
                "text": "555-555-5555",
                "box": [791, 420, 1010, 448]
            }

        ],
        "linking": [
            [56, 57]
        ]
    }, {
        "id": 67,
        "text": "Type of group (check one only):",
        "box": [115, 455, 405, 483],
        "linking": [
            [67, 70]
        ],
        "label": "question",
        "words": [{
                "text": "Type",
                "box": [118, 459, 168, 481]
            }, {
                "text": "of",
                "box": [172, 458, 194, 478]
            }, {
                "text": "group",
                "box": [196, 460, 250, 482]
            }, {
                "text": "(check",
                "box": [253, 461, 314, 480]
            }, {
                "text": "one",
                "box": [316, 458, 348, 480]
            }, {
                "text": "only):",
                "box": [352, 457, 401, 481]
            }, {
                "text": "Type of group (check one only):",
                "box": [115, 455, 405, 483]
            }

        ]
    }, {
        "id": 70,
        "text": "X Non-financial",
        "box": [574, 451, 745, 478],
        "label": "answer",
        "words": [{
                "text": "X",
                "box": [578, 455, 622, 476]
            }, {
                "text": "Non-financial",
                "box": [624, 455, 743, 478]
            }


        ],
        "linking": [
            [67, 70]
        ]
    }, {
        "id": 83,
        "text": "Enter the number of Schedule FCI statements included in the combined report",
        "box": [121, 785, 815, 815],
        "linking": [
            [83, 84]
        ],
        "label": "question",
        "words": [{
                "text": "Enter",
                "box": [122, 786, 175, 812]
            }, {
                "text": "the",
                "box": [177, 785, 205, 812]
            }, {
                "text": "number",
                "box": [208, 786, 283, 810]
            }, {
                "text": "of",
                "box": [288, 788, 307, 810]
            }, {
                "text": "Schedule",
                "box": [311, 790, 395, 812]
            }, {
                "text": "FCI",
                "box": [399, 789, 435, 812]
            }, {
                "text": "statements",
                "box": [439, 790, 538, 812]
            }, {
                "text": "included",
                "box": [541, 792, 615, 811]
            }, {
                "text": "in",
                "box": [617, 790, 634, 810]
            }, {
                "text": "the",
                "box": [637, 790, 663, 807]
            }, {
                "text": "combined",
                "box": [667, 788, 753, 809]
            }, {
                "text": "report",
                "box": [756, 792, 808, 809]
            }

        ]
    }, {
        "id": 84,
        "text": "3.",
        "box": [1223, 783, 1437, 804],
        "label": "answer",
        "words": [{
                "text": "3.",
                "box": [1223, 783, 1437, 804]
            }

        ],
        "linking": [
            [83, 84]
        ]
    }, {
        "id": 95,
        "text": "Last year for which any member was audited by IRS",
        "box": [121, 820, 588, 843],
        "linking": [
            [95, 96]
        ],
        "label": "question",
        "words": [{
                "text": "Last",
                "box": [123, 820, 164, 839]
            }, {
                "text": "year",
                "box": [166, 821, 207, 839]
            }, {
                "text": "for",
                "box": [211, 820, 238, 839]
            }, {
                "text": "which",
                "box": [243, 820, 295, 839]
            }, {
                "text": "any",
                "box": [300, 820, 335, 839]
            }, {
                "text": "member",
                "box": [337, 822, 411, 840]
            }, {
                "text": "was",
                "box": [416, 820, 450, 839]
            }, {
                "text": "audited",
                "box": [453, 822, 518, 839]
            }, {
                "text": "by",
                "box": [521, 821, 541, 841]
            }, {
                "text": "IRS",
                "box": [546, 820, 579, 841]
            }


        ]
    }, {
        "id": 96,
        "text": "2014",
        "box": [1226, 813, 1432, 834],
        "label": "answer",
        "words": [{
                "text": "2014",
                "box": [1226, 813, 1432, 834]
            }


        ],
        "linking": [
            [95, 96]
        ]
    }, {
        "id": 107,
        "text": "Total number of taxable members included in the combined report",
        "box": [120, 903, 713, 937],
        "linking": [
            [107, 108]
        ],
        "label": "question",
        "words": [{
                "text": "Total",
                "box": [122, 908, 174, 933]
            }, {
                "text": "number",
                "box": [176, 909, 241, 932]
            }, {
                "text": "of",
                "box": [247, 909, 270, 931]
            }, {
                "text": "taxable",
                "box": [274, 910, 337, 931]
            }, {
                "text": "members",
                "box": [340, 908, 426, 932]
            }, {
                "text": "included",
                "box": [429, 908, 507, 932]
            }, {
                "text": "in",
                "box": [509, 910, 529, 932]
            }, {
                "text": "the",
                "box": [533, 910, 563, 929]
            }, {
                "text": "combined",
                "box": [568, 909, 650, 929]
            }, {
                "text": "report",
                "box": [653, 911, 708, 931]
            }


        ]
    }, {
        "id": 108,
        "text": "11.",
        "box": [1229, 901, 1433, 927],
        "label": "answer",
        "words": [{
                "text": "11.",
                "box": [1229, 901, 1433, 927]
            }


        ],
        "linking": [
            [107, 108]
        ]
    }, {
        "id": 117,
        "text": "Number of non-taxable members in the combined group",
        "box": [116, 961, 627, 997],
        "linking": [
            [117, 119]
        ],
        "label": "question",
        "words": [{
                "text": "Number",
                "box": [123, 967, 194, 991]
            }, {
                "text": "of",
                "box": [197, 968, 222, 991]
            }, {
                "text": "non-taxable",
                "box": [225, 968, 329, 991]
            }, {
                "text": "members",
                "box": [334, 969, 417, 992]
            }, {
                "text": "in",
                "box": [422, 970, 442, 988]
            }, {
                "text": "the",
                "box": [445, 968, 477, 989]
            }, {
                "text": "combined",
                "box": [480, 971, 565, 988]
            }, {
                "text": "group",
                "box": [567, 971, 618, 992]
            }


        ]
    }, {
        "id": 119,
        "text": "11.",
        "box": [1229, 901, 1433, 927],
        "label": "answer",
        "words": [{
                "text": "52",
                "box": [1234, 962, 1434, 987]
            }



        ],
        "linking": [
            [117, 119]
        ]
    }, {
        "id": 125,
        "text": "Number of U.S. Schedules M-3 filed",
        "box": [119, 999, 443, 1022],
        "linking": [
            [125, 126]
        ],
        "label": "question",
        "words": [{
                "text": "Number",
                "box": [123, 1002, 197, 1021]
            }, {
                "text": "of",
                "box": [201, 1000, 223, 1019]
            }, {
                "text": "U.S.",
                "box": [225, 1000, 266, 1020]
            }, {
                "text": "Schedules",
                "box": [266, 1002, 357, 1022]
            }, {
                "text": "M-3",
                "box": [360, 1002, 397, 1020]
            }, {
                "text": "filed",
                "box": [398, 1003, 439, 1021]
            }



        ]
    }, {
        "id": 126,
        "text": "1.",
        "box": [1234, 992, 1434, 1017],
        "label": "answer",
        "words": [{
                "text": "1.",
                "box": [1234, 992, 1434, 1017]
            }

        ],
        "linking": [
            [125, 126]
        ]
    }, {
        "id": 135,
        "text": "Number of U.S. Forms 5471 filed by members",
        "box": [118, 1031, 531, 1054],
        "linking": [
            [135, 136]
        ],
        "label": "question",
        "words": [{
                "text": "Number",
                "box": [120, 1031, 199, 1054]
            }, {
                "text": "of",
                "box": [201, 1030, 221, 1049]
            }, {
                "text": "U.S.",
                "box": [222, 1030, 265, 1051]
            }, {
                "text": "Forms",
                "box": [269, 1032, 328, 1049]
            }, {
                "text": "5471",
                "box": [331, 1031, 375, 1048]
            }, {
                "text": "filed",
                "box": [380, 1031, 419, 1050]
            }, {
                "text": "by",
                "box": [420, 1030, 442, 1049]
            }, {
                "text": "members",
                "box": [449, 1031, 527, 1052]
            }

        ]
    }, {
        "id": 136,
        "text": "20.",
        "box": [1236, 1023, 1436, 1048],
        "label": "answer",
        "words": [{
                "text": "20.",
                "box": [1236, 1023, 1436, 1048]
            }

        ],
        "linking": [
            [135, 136]
        ]
    }, {
        "id": 146,
        "text": "Total business corporation measure of excise due from members",
        "box": [121, 1175, 689, 1204],
        "linking": [
            [146, 147]
        ],
        "label": "question",
        "words": [{
                "text": "Total",
                "box": [124, 1177, 173, 1199]
            }, {
                "text": "business",
                "box": [174, 1177, 255, 1201]
            }, {
                "text": "corporation",
                "box": [260, 1177, 364, 1201]
            }, {
                "text": "measure",
                "box": [368, 1177, 443, 1201]
            }, {
                "text": "of",
                "box": [447, 1177, 465, 1201]
            }, {
                "text": "excise",
                "box": [467, 1178, 522, 1202]
            }, {
                "text": "due",
                "box": [526, 1180, 556, 1198]
            }, {
                "text": "from",
                "box": [560, 1178, 603, 1199]
            }, {
                "text": "members",
                "box": [608, 1182, 684, 1199]
            }


        ]
    }, {
        "id": 147,
        "text": "505,691.",
        "box": [1230, 1171, 1434, 1199],
        "label": "answer",
        "words": [{
                "text": "505,691.",
                "box": [1230, 1171, 1434, 1199]
            }

        ],
        "linking": [
            [146, 147]
        ]
    }, {
        "id": 159,
        "text": "Total excise before credits and payments. Add lines 21 through 23",
        "box": [122, 1207, 713, 1232],
        "linking": [
            [159, 160]
        ],
        "label": "question",
        "words": [{
                "text": "Total",
                "box": [125, 1211, 172, 1230]
            }, {
                "text": "excise",
                "box": [178, 1212, 233, 1232]
            }, {
                "text": "before",
                "box": [240, 1213, 299, 1232]
            }, {
                "text": "credits",
                "box": [302, 1210, 360, 1231]
            }, {
                "text": "and",
                "box": [364, 1209, 400, 1231]
            }, {
                "text": "payments.",
                "box": [406, 1210, 496, 1229]
            }, {
                "text": "Add",
                "box": [501, 1208, 539, 1229]
            }, {
                "text": "lines",
                "box": [542, 1209, 585, 1228]
            }, {
                "text": "21",
                "box": [587, 1210, 609, 1229]
            }, {
                "text": "through",
                "box": [614, 1205, 683, 1231]
            }, {
                "text": "23",
                "box": [686, 1207, 708, 1231]
            }



        ]
    }, {
        "id": 147,
        "text": "995,691.",
        "box": [1231, 1202, 1435, 1229],
        "label": "answer",
        "words": [{
                "text": "995,691.",
                "box": [1231, 1202, 1435, 1229]
            }

        ],
        "linking": [
            [159, 160]
        ]
    }, {
        "id": 166,
        "text": "Excise due before voluntary contribution",
        "box": [121, 1297, 481, 1322],
        "linking": [
            [166, 167]
        ],
        "label": "question",
        "words": [{
                "text": "Excise",
                "box": [122, 1300, 185, 1317]
            }, {
                "text": "due",
                "box": [188, 1300, 222, 1319]
            }, {
                "text": "before",
                "box": [227, 1299, 286, 1320]
            }, {
                "text": "voluntary",
                "box": [291, 1301, 374, 1319]
            }, {
                "text": "contribution",
                "box": [379, 1303, 478, 1319]
            }


        ]
    }, {
        "id": 167,
        "text": "995,691.",
        "box": [1235, 1293, 1435, 1316],
        "label": "answer",
        "words": [{
                "text": "995,691.",
                "box": [1235, 1293, 1435, 1316]
            }

        ],
        "linking": [
            [166, 167]
        ]
    }, {
        "id": 179,
        "text": "Excise due plus voluntary contribution. Add lines 27 and 28",
        "box": [121, 1356, 650, 1381],
        "linking": [
            [179, 180]
        ],
        "label": "question",
        "words": [{
                "text": "Excise",
                "box": [123, 1360, 184, 1383]
            }, {
                "text": "due",
                "box": [188, 1360, 221, 1380]
            }, {
                "text": "plus",
                "box": [224, 1361, 264, 1380]
            }, {
                "text": "voluntary",
                "box": [268, 1361, 353, 1380]
            }, {
                "text": "contribution.",
                "box": [357, 1362, 470, 1379]
            }, {
                "text": "Add",
                "box": [473, 1360, 513, 1379]
            }, {
                "text": "lines",
                "box": [515, 1360, 555, 1378]
            }, {
                "text": "27",
                "box": [559, 1360, 583, 1377]
            }, {
                "text": "and",
                "box": [586, 1359, 621, 1379]
            }, {
                "text": "28",
                "box": [624, 1359, 646, 1379]
            }



        ]
    }, {
        "id": 180,
        "text": "995,691.",
        "box": [1233, 1351, 1433, 1377],
        "label": "answer",
        "words": [{
                "text": "505,691.",
                "box": [1233, 1351, 1433, 1377]
            }

        ],
        "linking": [
            [179, 180]
        ]
    }, {
        "id": 192,
        "text": "2019 overpayment applied to 2020 tax (from Schedule CG, Part 1, line 2)",
        "box": [121, 1386, 768, 1412],
        "linking": [
            [192, 193]
        ],
        "label": "question",
        "words": [{
                "text": "2019",
                "box": [122, 1389, 169, 1409]
            }, {
                "text": "overpayment",
                "box": [175, 1390, 294, 1412]
            }, {
                "text": "applied",
                "box": [297, 1393, 362, 1411]
            }, {
                "text": "to",
                "box": [364, 1392, 385, 1408]
            }, {
                "text": "2020",
                "box": [387, 1391, 437, 1407]
            }, {
                "text": "tax",
                "box": [440, 1392, 469, 1407]
            }, {
                "text": "(from",
                "box": [473, 1391, 522, 1410]
            }, {
                "text": "Schedule",
                "box": [527, 1392, 609, 1410]
            }, {
                "text": "CG,",
                "box": [612, 1391, 644, 1407]
            }, {
                "text": "Part 1,",
                "box": [651, 1392, 708, 1410]
            }, {
                "text": "line 2)",
                "box": [709, 1389, 765, 1409]
            }


        ]
    }, {
        "id": 193,
        "text": "995,691.",
        "box": [1234, 1384, 1434, 1407],
        "label": "answer",
        "words": [{
                "text": "216,969.",
                "box": [1234, 1384, 1434, 1407]
            }

        ],
        "linking": [
            [192, 193]
        ]
    }, {
        "id": 208,
        "text": "Estimated tax payments (group) (from Schedule CG, Part 1, total of lines 3 through 6)",
        "box": [119, 1417, 875, 1442],
        "linking": [
            [208, 209]
        ],
        "label": "question",
        "words": [{
                "text": "Estimated",
                "box": [122, 1419, 215, 1441]
            }, {
                "text": "tax",
                "box": [218, 1419, 249, 1440]
            }, {
                "text": "payments",
                "box": [251, 1419, 342, 1441]
            }, {
                "text": "(group)",
                "box": [345, 1420, 414, 1442]
            }, {
                "text": "(from",
                "box": [416, 1419, 466, 1442]
            }, {
                "text": "Schedule",
                "box": [470, 1419, 548, 1439]
            }, {
                "text": "CG,",
                "box": [550, 1420, 588, 1439]
            }, {
                "text": "Part 1,",
                "box": [591, 1419, 650, 1439]
            }, {
                "text": "total",
                "box": [653, 1418, 693, 1437]
            }, {
                "text": "of",
                "box": [697, 1420, 712, 1438]
            }, {
                "text": "lines",
                "box": [716, 1419, 756, 1438]
            }, {
                "text": "3",
                "box": [758, 1419, 773, 1438]
            }, {
                "text": "through",
                "box": [775, 1420, 843, 1440]
            }, {
                "text": "6)",
                "box": [847, 1419, 869, 1439]
            }


        ]
    }, {
        "id": 209,
        "text": "390,000.",
        "box": [1235, 1415, 1435, 1438],
        "label": "answer",
        "words": [{
                "text": "390,000.",
                "box": [1235, 1415, 1435, 1438]
            }

        ],
        "linking": [
            [208, 209]
        ]
    }, {
        "id": 216,
        "text": "Total payments for the combined group",
        "box": [117, 1566, 475, 1594],
        "linking": [
            [216, 217]
        ],
        "label": "question",
        "words": [{
                "text": "Total",
                "box": [120, 1570, 171, 1590]
            }, {
                "text": "payments",
                "box": [173, 1570, 262, 1590]
            }, {
                "text": "for",
                "box": [264, 1571, 293, 1588]
            }, {
                "text": "the",
                "box": [296, 1572, 328, 1587]
            }, {
                "text": "combined",
                "box": [331, 1571, 419, 1588]
            }, {
                "text": "group",
                "box": [422, 1572, 471, 1590]
            }


        ]
    }, {
        "id": 217,
        "text": "996,969.",
        "box": [1237, 1560, 1437, 1588],
        "label": "answer",
        "words": [{
                "text": "996,969.",
                "box": [1237, 1560, 1437, 1588]
            }

        ],
        "linking": [
            [216, 217]
        ]
    }, {
        "id": 226,
        "text": "Amount overpaid. Subtract line 29 from line 36",
        "box": [118, 1597, 543, 1623],
        "linking": [
            [226, 227]
        ],
        "label": "question",
        "words": [{
                "text": "Amount",
                "box": [120, 1601, 196, 1621]
            }, {
                "text": "overpaid.",
                "box": [198, 1601, 282, 1621]
            }, {
                "text": "Subtract",
                "box": [286, 1600, 366, 1621]
            }, {
                "text": "line",
                "box": [368, 1600, 404, 1617]
            }, {
                "text": "29",
                "box": [406, 1601, 431, 1617]
            }, {
                "text": "from",
                "box": [433, 1600, 478, 1617]
            }, {
                "text": "line",
                "box": [480, 1600, 515, 1617]
            }, {
                "text": "36",
                "box": [517, 1600, 538, 1618]
            }


        ]
    }, {
        "id": 227,
        "text": "101,278.",
        "box": [1236, 1594, 1436, 1618],
        "label": "answer",
        "words": [{
                "text": "101,278.",
                "box": [1236, 1594, 1436, 1618]
            }

        ],
        "linking": [
            [226, 227]
        ]
    }, {
        "id": 237,
        "text": "Amount overpaid to be credited to 2021 estimated tax",
        "box": [117, 1627, 606, 1654],
        "linking": [
            [237, 238]
        ],
        "label": "question",
        "words": [{
                "text": "Amount",
                "box": [121, 1630, 195, 1651]
            }, {
                "text": "overpaid",
                "box": [197, 1631, 277, 1650]
            }, {
                "text": "to",
                "box": [279, 1631, 299, 1648]
            }, {
                "text": "be",
                "box": [301, 1630, 328, 1651]
            }, {
                "text": "credited",
                "box": [332, 1631, 407, 1651]
            }, {
                "text": "to",
                "box": [408, 1633, 427, 1650]
            }, {
                "text": "2021",
                "box": [431, 1631, 479, 1650]
            }, {
                "text": "estimated",
                "box": [481, 1631, 573, 1648]
            }, {
                "text": "tax",
                "box": [576, 1630, 602, 1648]
            }



        ]
    }, {
        "id": 238,
        "text": "101,278.",
        "box": [1237, 1623, 1437, 1647],
        "label": "answer",
        "words": [{
                "text": "101,278.",
                "box": [1237, 1623, 1437, 1647]
            }

        ],
        "linking": [
            [237, 238]
        ]
    }]

}