{
    "form": [{
            "id": 1,
            "text": "Name of principal reporting corporation",
            "box": [83.78,271.96,404.78,296.04],
            "linking": [
                [1, 2]
            ],
            "label": "question",
            "words": [{
                    "text": "Name",
                    "box": [87.00,275.94,137.80,292.05]
                }, {
                    "text": "of",
                    "box": [141.00,273.95,158.83,291.93]
                },{
                    "text": "principal",
                    "box": [161.00,274.05,229.80,292.94]
                },{
                    "text": "reporting",
                    "box": [233.00,273.95,304.77,294.00]
                },{
                    "text": "corporation",
                    "box": [308.00,275.00,395.20,291.11]
                }
            ]
        }, {
            "id":2 ,
            "text": "PRD Petfoods Ltd. & Fooddiaris",
            "box": [116.00,299.00,675.78,331.03],
            "label": "answer",
            "words": [{
                    "text": "PRD",
					"box": [120.00,302.96,181.80,327.96]
                },{
                    "text": "Petfoods",
					"box": [188.00,304.00,341.79,328.04]
                },{
                    "text": "Ltd.",
					"box": [348.00,304.92,430.46,328.04]
                },{
                    "text": "&",
					"box": [441.00,306.00,471.94,327.95]
                },{
                    "text": "Fooddiaris",
					"box": [480.00,305.00,664.79,327.95]
                }
	
            ],
            "linking": [
                [1,2]
            ]
        },{
            "id": 13,
            "text": "Federal Indentification number",
            "box": [761.78,271.97,1003.79,297.04],
            "linking": [
                [13,14]
            ],
            "label": "question",
            "words": [{
                    "text": "Federal",
                    "box": [767.00,274.00,834.80,292.00]
                },{
                    "text": "Indentification",
                    "box": [837.78,274.00,934.77,293.13]
                },{
                    "text": "number",
                    "box": [938.00,275.00,998.75,291.95]
                }
            ]
        },{
            "id":14 ,
            "text": "995999694",
            "box": [801.00,301.97,976.79,327.96],
            "label": "answer",
            "words": [{
                    "text": "995999694",
					"box": [801.00,301.97,976.79,327.96]
                }
            ],
            "linking": [
                [13,14]
            ]
        },{
            "id":18,
            "text": "Principal address",
            "box": [82.78,333.00,227.79,357.04],
            "linking": [
                [18,19]
            ],
            "label": "question",
            "words": [{
                    "text": "Principal",
                    "box": [86.00,335.00,155.80,353.10]
                },{
                    "text": "address",
                    "box": [157.77,334.96,221.80,350.86]
                }
            ]
        },
		{
            "id":19 ,
            "text": "99 Food Plant",
            "box": [88.00,360.00,339.78,389.00],
            "label": "answer",
            "words": [{
                    "text": "99",
					"box": [90.76,363.96,128.81,387.08]
                },{
                    "text": "Food",
					"box": [140.00,364.93,220.77,387.96]
                },{
                    "text": "Plant",
					"box": [227.00,364.00,326.79,387.96]
                }
            ],
            "linking": [
                [18,19]
            ]
        },{
            "id":25,
            "text": "City/Town",
            "box": [762.76,329.00,857.80,354.10],
            "linking": [
                [25,26]
            ],
            "label": "question",
            "words": [{
                    "text": "City/Town",
                    "box": [762.76,329.00,857.80,354.10]
                }
            ]
        },{
            "id":26 ,
            "text": "XXX Mart",
            "box": [763.00,359.03,933.78,388.97],
            "label": "answer",
            "words": [{
                    "text": "XXX",
					"box": [769.76,363.95,829.81,387.04]
                },{
                    "text": "Mart",
					"box": [839.00,363.89,918.77,387.96]
                }
            ],
            "linking": [
                [25,26]
            ]
        },{
            "id":29,
            "text": "State",
            "box": [1057.76,331.00,1106.79,355.04],
            "linking": [
                [29,30]
            ],
            "label": "question",
            "words": [{
                    "text": "State",
                    "box": [1057.76,331.00,1106.79,355.04]
                }
            ]
        },{
            "id":30 ,
            "text": "AZ",
            "box": [1052.00,361.15,1108.80,388.04],
            "label": "answer",
            "words": [{
                    "text": "AZ",
					"box": [1052.00,361.15,1108.80,388.04]
                }
            ],
            "linking": [
                [29,30]
            ]
        },{
            "id":31,
            "text": "Zip",
            "box": [1189.69,331.97,1230.80,356.11],
            "linking": [
                [31,32]
            ],
            "label": "question",
            "words": [{
                    "text": "Zip",
                    "box": [1189.69,331.97,1230.80,356.11]
                }
            ]
        },{
            "id":32,
            "text": "99999",
            "box": [1197.00,361.00,1304.80,388.04],
            "label": "answer",
            "words": [{
                    "text": "99999",
					"box": [1197.00,361.00,1304.80,388.04]
                }
            ],
            "linking": [
                [31,32]
            ]
        },{
            "id":33,
            "text": "Contact person",
            "box": [84.00,392.00,213.80,416.96],
            "linking": [
                [33,34]
            ],
            "label": "question",
            "words": [{
                    "text": "Contact",
                    "box": [88.00,393.92,148.80,413.05]
                },{
                    "text": "person",
                    "box": [152.00,394.95,204.80,413.00]
                }
            ]
        },{
            "id":34,
            "text": "TAR PATELLA",
            "box": [84.79,420.00,299.78,450.03],
            "label": "answer",
            "words": [{
                    "text": "TAR",
					"box": [89.00,423.00,151.81,447.96]
                },{
                    "text": "PATELLA",
					"box": [159.00,423.00,290.77,448.04]
                }
            ],
            "linking": [
                [33,34]
            ]
        },{
            "id":39,
            "text": "Telephone number",
            "box": [758.79,392.00,937.00,417.07],
            "linking": [
                [39,40]
            ],
            "label": "question",
            "words": [{
                    "text": "Telephone",
                    "box": [769.74,394.00,854.77,413.09]
                },{
                    "text": "number",
                    "box": [858.00,396.00,923.80,414.10]
                }
            ]
        },{
            "id":40,
            "text": "999-999-9999",
            "box": [772.77,420.00,1020.78,450.03],
            "label": "answer",
            "words": [{
                    "text": "999-999-9999",
					"box": [772.77,420.00,1020.78,450.03]
                }
            ],
            "linking": [
                [39,40]
            ]
        },{
            "id":43,
            "text": "Total income and non-income tax due of all members",
            "box": [138.00,516.04,610.78,544.06],
            "linking": [
                [43,44]
            ],
            "label": "question",
            "words": [{
                    "text": "Total",
                    "box": [141.00,518.00,188.80,541.00]
                },{
                    "text": "income",
                    "box": [192.00,518.00,259.80,541.04]
                },{
                    "text": "and",
                    "box": [264.88,518.96,297.81,541.00]
                },{
                    "text": "non-income",
                    "box": [302.00,521.05,410.77,540.00]
                },{
                    "text": "tax",
                    "box": [413.86,520.11,441.88,539.88]
                },{
                    "text": "due",
                    "box": [444.00,520.00,476.81,540.90]
                },{
                    "text": "of",
                    "box": [479.00,520.05,498.74,540.58]
                },{
                    "text": "all",
                    "box": [502.00,519.88,522.82,541.00]
                },{
                    "text": "members",
                    "box": [526.00,519.96,607.77,541.98]
                }
				
            ]
        },{
            "id":44,
            "text": "995,691.",
            "box": [1276.79,514.00,1434.00,538.00],
            "label": "answer",
            "words": [{
                    "text": "995,691.",
					"box": [1276.79,514.00,1434.00,538.00]
                }
            ],
            "linking": [
                [43,44]
            ]
        },{
            "id":54,
            "text": "Overpayment credited from prior period",
            "box": [138.00,546.00,495.78,572.96],
            "linking": [
                [54,55]
            ],
            "label": "question",
            "words": [{
                    "text": "Overpayment",
                    "box": [143.00,550.00,263.79,571.05]
                },{
                    "text": "credited",
                    "box": [268.00,549.91,341.78,570.14]
                },{
                    "text": "from",
                    "box": [345.00,549.00,386.94,569.96]
                },{
                    "text": "prior",
                    "box": [391.00,549.04,433.80,571.00]
                },{
                    "text": "period",
                    "box": [436.00,551.05,493.81,571.00]
                }
            ]
        },{
            "id":55,
            "text": "216,969.",
            "box": [1277.00,543.93,1434.77,570.01],
            "label": "answer",
            "words": [{
                    "text": "216,969.",
					"box": [1277.00,543.93,1434.77,570.01]
                }
            ],
            "linking": [
                [54,55]
            ]
        },{
            "id":61,
            "text": "First installment estimated tax payments",
            "box": [139.00,575.00,502.78,604.03],
            "linking": [
                [61,62]
            ],
            "label": "question",
            "words": [{
                    "text": "First",
                    "box": [142.00,578.00,184.76,598.95]
                },{
                    "text": "installment",
                    "box": [189.00,580.00,289.75,598.94]
                },{
                    "text": "estimated",
                    "box": [291.80,578.08,381.77,600.08]
                },{
                    "text": "tax",
                    "box": [385.00,579.97,411.82,601.05]
                },{
                    "text": "payments",
                    "box": [413.77,579.00,499.77,602.04]
                }
            ]
        },{
            "id":62,
            "text": "155,000.",
            "box": [1276.79,573.00,1434.79,599.04],
            "label": "answer",
            "words": [{
                    "text": "155,000.",
					"box": [1276.79,573.00,1434.79,599.04]
                }
            ],
            "linking": [
                [61,62]
            ]
        },{
            "id":68,
            "text": "Second installment estimated tax payments",
            "box": [139.00,606.00,531.78,634.03],
            "linking": [
                [68,69]
            ],
            "label": "question",
            "words": [{
                    "text": "Second",
                    "box": [142.00,609.00,210.77,630.01]
                },{
                    "text": "installment",
                    "box": [215.00,609.00,315.80,628.95]
                },{
                    "text": "estimated",
                    "box": [319.00,609.00,409.80,630.05]
                },{
                    "text": "tax",
                    "box": [412.75,611.00,439.70,629.00]
                },{
                    "text": "payments",
                    "box": [443.00,609.00,527.76,631.95]
                }
            ]
        },{
            "id":69,
            "text": "85,000.",
            "box": [1276.74,603.00,1435.00,628.96],
            "label": "answer",
            "words": [{
                    "text": "85,000.",
					"box": [1276.74,603.00,1435.00,628.96]
                }
            ],
            "linking": [
                [68,69]
            ]
        },{
            "id":75,
            "text": "Third installment estimated tax payments",
            "box": [141.00,637.00,510.78,664.04],
            "linking": [
                [75,76]
            ],
            "label": "question",
            "words": [{
                    "text": "Third",
                    "box": [142.78,640.00,191.76,660.00]
                },{
                    "text": "installment",
                    "box": [194.77,641.00,294.79,660.05]
                },{
                    "text": "estimated",
                    "box": [298.79,640.00,387.77,660.10]
                },{
                    "text": "tax",
                    "box": [391.00,640.00,418.82,660.05]
                },{
                    "text": "payments",
                    "box": [422.00,641.00,505.79,660.95]
                }
            ]
        },{
            "id":76,
            "text": "150,999.",
            "box": [1278.00,633.00,1433.79,659.00],
            "label": "answer",
            "words": [{
                    "text": "150,999.",
					"box": [1278.00,633.00,1433.79,659.00]
                }
            ],
            "linking": [
                [75,76]
            ]
        },{
            "id":82,
            "text": "2020 tax (from Form 355U, line 27)",
            "box": [136.00,782.94,462.78,814.00],
            "linking": [
                [82,83]
            ],
            "label": "question",
            "words": [{
                    "text": "2020",
                    "box": [140.00,787.00,190.74,810.12]
                },{
                    "text": "tax",
                    "box": [194.00,788.00,221.85,811.08]
                },{
                    "text": "(from",
                    "box": [226.00,788.00,277.74,810.96]
                },{
                    "text": "Form",
                    "box": [281.00,788.00,328.76,810.95]
                },{
                    "text": "355U,",
                    "box": [333.00,787.00,388.76,810.04]
                },{
                    "text": "line",
                    "box": [392.00,788.95,423.75,809.02]
                },{
                    "text": "27)",
                    "box": [428.00,786.98,457.75,811.96]
                }
            ]
        },{
            "id":83,
            "text": "505,691.",
            "box": [1279.77,783.00,1433.78,809.00],
            "label": "answer",
            "words": [{
                    "text": "505,691.",
					"box": [1279.77,783.00,1433.78,809.00]
                }
            ],
            "linking": [
                [82,83]
            ]
        },{
            "id":91,
            "text": "Tentative required annual payment. Enter 90% of line 1",
            "box": [136.00,817.00,629.78,844.96],
            "linking": [
                [91,92]
            ],
            "label": "question",
            "words": [{
                    "text": "Tentative",
                    "box": [142.00,820.00,226.77,839.05]
                },{
                    "text": "required",
                    "box": [229.79,820.00,306.79,841.95]
                },{
                    "text": "annual",
                    "box": [311.00,820.00,372.80,839.95]
                },{
                    "text": "payment.",
                    "box": [376.00,820.96,456.51,842.04]
                },{
                    "text": "Enter",
                    "box": [460.00,820.00,507.80,841.00]
                },{
                    "text": "90%",
                    "box": [510.78,820.00,552.80,840.95]
                },{
                    "text": "of",
                    "box": [554.74,819.00,572.84,841.04]
                },{
                    "text": "line",
                    "box": [576.00,819.95,607.81,840.10]
                },{
                    "text": "1",
                    "box": [612.00,820.05,625.70,840.31]
                }
            ]
        },{
            "id":92,
            "text": "455,122.",
            "box": [1279.77,813.00,1434.78,839.04],
            "label": "answer",
            "words": [{
                    "text": "455,122.",
					"box": [1279.77,813.00,1434.78,839.04]
                }
            ],
            "linking": [
                [91,92]
            ]
        },{
            "id":102,
            "text": "Balance. Subtract the total of lines 3 and 4 from line 2. Not less than \"0\"",
            "box": [135.00,906.00,774.78,932.00],
            "linking": [
                [102,103]
            ],
            "label": "question",
            "words": [{
                    "text": "Balance.",
                    "box": [139.00,910.00,222.80,929.05]
                },{
                    "text": "Subtract",
                    "box": [226.00,908.96,303.77,928.14]
                },{
                    "text": "the",
                    "box": [308.00,911.00,337.78,928.15]
                },{
                    "text": "total",
                    "box": [341.00,910.00,382.83,928.00]
                },{
                    "text": "of",
                    "box": [387.00,908.99,406.83,928.05]
                },{
                    "text": "lines",
                    "box": [410.00,910.00,453.76,928.14]
                },{
                    "text": "3",
                    "box": [458.00,909.00,470.86,929.05]
                },{
                    "text": "and",
                    "box": [474.75,910.00,509.81,929.05]
                },{
                    "text": "4",
                    "box": [514.00,909.00,525.87,928.05]
                },{
                    "text": "from",
                    "box": [529.00,910.00,570.80,929.05]
                },{
                    "text": "line",
                    "box": [574.00,910.00,605.81,928.05]
                },{
                    "text": "2.",
                    "box": [609.00,910.00,627.73,929.13]
                },{
                    "text": "Not",
                    "box": [631.00,910.00,662.84,928.05]
                },{
                    "text": "less",
                    "box": [665.76,909.95,700.81,927.94]
                },{
                    "text": "than",
                    "box": [704.00,908.95,743.76,929.00]
                },{
                    "text": "\"0\"",
                    "box": [747.00,909.00,772.75,929.05]
                }
            ]
        },{
            "id":103,
            "text": "455,122.",
            "box": [1293.77,903.96,1435.78,928.00],
            "label": "answer",
            "words": [{
                    "text": "455,122.",
					"box": [1293.77,903.96,1435.78,928.00]
                }
            ],
            "linking": [
                [102,103]
            ]
        },{
            "id":120,
            "text": "Enter 40% of line 5. See instructions",
            "box": [135.00,935.00,466.78,962.04],
            "linking": [
                [120,121]
            ],
            "label": "question",
            "words": [{
                    "text": "Enter",
                    "box": [141.78,938.00,192.80,959.08]
                },{
                    "text": "40%",
                    "box": [196.81,938.00,238.73,959.05]
                },{
                    "text": "of",
                    "box": [243.00,939.00,262.83,959.09]
                },{
                    "text": "line",
                    "box": [266.00,940.00,297.75,958.05]
                },{
                    "text": "5.",
                    "box": [301.00,939.00,320.68,958.09]
                },{
                    "text": "See",
                    "box": [322.84,940.00,357.81,958.05]
                },{
                    "text": "instructions",
                    "box": [361.00,939.00,460.77,959.05]
                }
            ]
        },{
            "id":121,
            "text": "182,049.",
            "box": [1294.00,933.00,1434.77,958.03],
            "label": "answer",
            "words": [{
                    "text": "182,049.",
					"box": [1294.00,933.00,1434.77,958.03]
                }
            ],
            "linking": [
                [120,121]
            ]
        },{
            "id":129,
            "text": "Enter 65% of line 5. See instructions",
            "box": [135.00,965.00,466.78,991.96],
            "linking": [
                [129,130]
            ],
            "label": "question",
            "words": [{
                    "text": "Enter",
                    "box": [139.00,969.00,192.80,988.95]
                },{
                    "text": "65%",
                    "box": [197.00,968.00,237.81,988.05]
                },{
                    "text": "of",
                    "box": [243.00,969.00,262.83,988.05]
                },{
                    "text": "line",
                    "box": [266.00,968.00,297.81,989.05]
                },{
                    "text": "5.",
                    "box": [301.00,969.00,318.88,988.95]
                },{
                    "text": "See",
                    "box": [322.00,968.00,357.81,989.90]
                },{
                    "text": "instructions",
                    "box": [361.00,969.00,461.76,989.00]
                }
            ]
        },{
            "id":130,
            "text": "295,829.",
            "box": [1294.77,964.00,1434.00,989.04],
            "label": "answer",
            "words": [{
                    "text": "295,829.",
					"box": [1294.77,964.00,1434.00,989.04]
                }
            ],
            "linking": [
                [129,130]
            ]
        },{
            "id":138,
            "text": "Enter 90% of line 5. See instructions",
            "box": [134.79,996.00,464.78,1027.06],
            "linking": [
                [138,139]
            ],
            "label": "question",
            "words": [{
                    "text": "Enter",
                    "box": [141.00,1000.00,193.76,1020.95]
                },{
                    "text": "90%",
                    "box": [196.79,1000.00,238.76,1021.05]
                },{
                    "text": "of",
                    "box": [243.00,999.99,262.83,1021.95]
                },{
                    "text": "line",
                    "box": [265.79,999.99,298.78,1020.95]
                },{
                    "text": "5.",
                    "box": [302.00,999.00,319.79,1020.91]
                },{
                    "text": "See",
                    "box": [323.00,1000.00,357.81,1021.90]
                },{
                    "text": "instructions",
                    "box": [361.00,999.00,461.77,1021.04]
                }
            ]
        },{
            "id":139,
            "text": "409,610.",
            "box": [1295.00,993.00,1434.79,1019.04],
            "label": "answer",
            "words": [{
                    "text": "409,610.",
					"box": [1295.00,993.00,1434.79,1019.04]
                }
            ],
            "linking": [
                [138,139]
            ]
        },{
            "id":147,
            "text": "Overpayment from prior year Form 355U",
            "box": [135.00,1112.97,504.67,1146.01],
            "linking": [
                [147,148]
            ],
            "label": "question",
            "words": [{
                    "text": "Overpayment",
                    "box": [142.00,1116.96,264.66,1141.00]
                },{
                    "text": "from",
                    "box": [267.65,1117.00,310.65,1142.04]
                },{
                    "text": "prior",
                    "box": [314.00,1118.00,357.65,1142.04]
                },{
                    "text": "year",
                    "box": [359.65,1120.00,399.65,1143.04]
                },{
                    "text": "Form",
                    "box": [402.00,1118.00,447.69,1141.04]
                },{
                    "text": "355U",
                    "box": [451.00,1117.00,500.80,1141.90]
                }
            ]
        },{
            "id":148,
            "text": "216,969.",
            "box": [1282.67,1109.00,1435.00,1139.06],
            "label": "answer",
            "words": [{
                    "text": "216,969.",
					"box": [1282.67,1109.00,1435.00,1139.06]
                }
            ],
            "linking": [
                [147,148]
            ]
        },{
            "id":155,
            "text": "First installment estimated tax payment made by the PRC",
            "box": [137.00,1148.01,648.67,1177.03],
            "linking": [
                [155,156]
            ],
            "label": "question",
            "words": [{
                    "text": "First",
                    "box": [137.00,1148.01,648.67,1177.03]
                },{
                    "text": "installment",
                    "box": [188.00,1150.00,289.66,1171.95]
                },{
                    "text": "estimated",
                    "box": [293.68,1151.00,381.68,1173.04]
                },{
                    "text": "tax",
                    "box": [385.00,1151.00,413.67,1172.05]
                },{
                    "text": "payment",
                    "box": [417.00,1151.00,490.69,1173.04]
                },{
                    "text": "made",
                    "box": [494.00,1150.99,541.69,1173.04]
                },{
                    "text": "by",
                    "box": [545.00,1150.00,567.63,1174.04]
                },{
                    "text": "the",
                    "box": [570.00,1151.00,599.64,1172.05]
                },{
                    "text": "PRC",
                    "box": [602.68,1150.00,644.70,1171.05]
                }
            ]
        },{
            "id":156,
            "text": "155,000.",
            "box": [1281.67,1142.00,1434.68,1170.03],
            "label": "answer",
            "words": [{
                    "text": "155,000.",
					"box": [1281.67,1142.00,1434.68,1170.03]
                }
            ],
            "linking": [
                [155,156]
            ]
        },{
            "id":166,
            "text": "Second installment estimated tax payment made by the PRC",
            "box": [139.00,1179.01,678.67,1206.96],
            "linking": [
                [166,167]
            ],
            "label": "question",
            "words": [{
                    "text": "Second",
                    "box": [143.00,1181.01,212.69,1202.05]
                },{
                    "text": "installment",
                    "box": [213.68,1181.01,317.66,1202.05]
                },{
                    "text": "estimated",
                    "box": [317.68,1181.01,409.66,1202.05]
                },{
                    "text": "tax",
                    "box": [408.68,1181.01,442.67,1202.05]
                },{
                    "text": "payment",
                    "box": [442.68,1182.01,520.66,1203.05]
                },{
                    "text": "made",
                    "box": [147.00,1177.01,686.67,1204.96]
                },{
                    "text": "by",
                    "box": [572.63,1180.01,597.68,1201.05]
                },{
                    "text": "the",
                    "box": [597.71,1180.01,627.70,1201.05]
                },{
                    "text": "PRC",
                    "box": [629.69,1180.01,677.68,1201.05]
                }
            ]
        },{
            "id":167,
            "text": "85,000.",
            "box": [1282.67,1173.00,1435.00,1199.04],
            "label": "answer",
            "words": [{
                    "text": "85,000.",
					"box": [1282.67,1173.00,1435.00,1199.04]
                }
            ],
            "linking": [
                [166,167]
            ]
        },{
            "id":169,
            "text": "Third installment estimated tax payment made by the PRC",
            "box": [143.00,1207.00,660.67,1238.03],
            "linking": [
                [169,170]
            ],
            "label": "question",
            "words": [{
                    "text": "Third",
                    "box": [143.00,1209.00,191.65,1234.04]
                },{
                    "text": "installment",
                    "box": [191.00,1209.00,295.68,1234.04]
                },{
                    "text": "estimated",
                    "box": [297.00,1208.00,388.68,1233.04]
                },{
                    "text": "tax",
                    "box": [389.64,1211.00,421.64,1231.95]
                },{
                    "text": "payment",
                    "box": [421.66,1211.00,498.68,1231.95]
                },{
                    "text": "made",
                    "box": [499.65,1211.00,551.68,1231.95]
                },{
                    "text": "by",
                    "box": [551.63,1211.00,575.68,1231.95]
                },{
                    "text": "the",
                    "box": [575.70,1211.00,609.65,1231.95]
                },{
                    "text": "PRC",
                    "box": [606.65,1209.05,654.66,1231.95]
                }
            ]
        },{
            "id":170,
            "text": "150,990.",
            "box": [1282.67,1202.00,1434.68,1229.04],
            "label": "answer",
            "words": [{
                    "text": "150,990.",
					"box": [1282.67,1202.00,1434.68,1229.04]
                }
            ],
            "linking": [
                [169,170]
            ]
        }
		
    ]
}
